Keyword,Frequency,name
room,1249,Sheraton Gateway Los Angeles
hotel,735,Sheraton Gateway Los Angeles
staff,614,Sheraton Gateway Los Angeles
hotel,147,The Jeremy Hotel West Hollywood
room,146,The Jeremy Hotel West Hollywood
staff,108,The Jeremy Hotel West Hollywood
breakfast,166,Hampton Inn & Suites Santa Monica
room,158,Hampton Inn & Suites Santa Monica
location,123,Hampton Inn & Suites Santa Monica
apartment,6,Spacious Apartment in Westwood UCLA *27
stay,3,Spacious Apartment in Westwood UCLA *27
kept,2,Spacious Apartment in Westwood UCLA *27
location,80,"Beverly Wilshire, A Four Seasons Hotel"
staff,76,"Beverly Wilshire, A Four Seasons Hotel"
room,66,"Beverly Wilshire, A Four Seasons Hotel"
room,366,The London West Hollywood at Beverly Hills
hotel,197,The London West Hollywood at Beverly Hills
breakfast,197,The London West Hollywood at Beverly Hills
hotel,158,Mr C Beverly Hills
room,147,Mr C Beverly Hills
staff,116,Mr C Beverly Hills
room,68,LEVEL Furnished Living Suites Downtown Los Angeles
great,43,LEVEL Furnished Living Suites Downtown Los Angeles
location,42,LEVEL Furnished Living Suites Downtown Los Angeles
room,314,Radisson Hotel Los Angeles Midtown at USC
staff,179,Radisson Hotel Los Angeles Midtown at USC
hotel,172,Radisson Hotel Los Angeles Midtown at USC
room,378,DoubleTree Suites by Hilton Santa Monica
staff,225,DoubleTree Suites by Hilton Santa Monica
hotel,209,DoubleTree Suites by Hilton Santa Monica
room,139,Viceroy L'Ermitage Beverly Hills
staff,94,Viceroy L'Ermitage Beverly Hills
hotel,86,Viceroy L'Ermitage Beverly Hills
room,81,Plaza la Reina
hotel,48,Plaza la Reina
staff,36,Plaza la Reina
apartment,58,Marina del Rey Suites
clean,45,Marina del Rey Suites
location,44,Marina del Rey Suites
staff,12,Waldorf Astoria Beverly Hills
hotel,11,Waldorf Astoria Beverly Hills
service,8,Waldorf Astoria Beverly Hills
room,124,Hotel Figueroa Downtown Los Angeles
hotel,88,Hotel Figueroa Downtown Los Angeles
staff,67,Hotel Figueroa Downtown Los Angeles
room,414,Beverly Laurel Motor Hotel
location,265,Beverly Laurel Motor Hotel
great,257,Beverly Laurel Motor Hotel
apartment,3,Popular Hollywood Rockstar Penthouse
towel,3,Popular Hollywood Rockstar Penthouse
bed,2,Popular Hollywood Rockstar Penthouse
room,344,Best Western Plus Sunset Plaza Hotel
breakfast,233,Best Western Plus Sunset Plaza Hotel
location,201,Best Western Plus Sunset Plaza Hotel
room,79,Kimpton Everly Hotel
staff,60,Kimpton Everly Hotel
hotel,59,Kimpton Everly Hotel
room,150,InterContinental Los Angeles Century City at Beverly Hills
hotel,114,InterContinental Los Angeles Century City at Beverly Hills
staff,105,InterContinental Los Angeles Century City at Beverly Hills
room,447,Venice on the Beach Hotel
location,446,Venice on the Beach Hotel
beach,399,Venice on the Beach Hotel
room,406,BLVD Hotel & Spa
staff,232,BLVD Hotel & Spa
universal,184,BLVD Hotel & Spa
room,178,Casa Del Mar
hotel,129,Casa Del Mar
staff,105,Casa Del Mar
room,532,Hyatt Regency Los Angeles International Airport
hotel,311,Hyatt Regency Los Angeles International Airport
airport,300,Hyatt Regency Los Angeles International Airport
room,38,The NoMad Los Angeles
staff,25,The NoMad Los Angeles
hotel,24,The NoMad Los Angeles
room,226,Andaz West Hollywood-a concept by Hyatt
staff,153,Andaz West Hollywood-a concept by Hyatt
great,140,Andaz West Hollywood-a concept by Hyatt
parking,3,Hollywood Luxury Suite * 5 beds + Parking
location,2,Hollywood Luxury Suite * 5 beds + Parking
great,2,Hollywood Luxury Suite * 5 beds + Parking
room,35,Montage Beverly Hills
location,27,Montage Beverly Hills
hotel,23,Montage Beverly Hills
location,13,"Luxury, Hollywood Walk of Fame"
apartment,13,"Luxury, Hollywood Walk of Fame"
hollywood,7,"Luxury, Hollywood Walk of Fame"
location,24,Luxury Apartment Near The Grove
apartment,23,Luxury Apartment Near The Grove
host,12,Luxury Apartment Near The Grove
room,596,Hilton Los Angeles-Universal City
universal,428,Hilton Los Angeles-Universal City
staff,366,Hilton Los Angeles-Universal City
one,5,DTLA Convention Center Suite
clean,4,DTLA Convention Center Suite
parking,4,DTLA Convention Center Suite
room,122,Lexen Hotel - Hollywood
clean,62,Lexen Hotel - Hollywood
parking,61,Lexen Hotel - Hollywood
room,57,The Charlie West Hollywood
location,37,The Charlie West Hollywood
great,28,The Charlie West Hollywood
location,312,Loews Hollywood Hotel
room,301,Loews Hollywood Hotel
hotel,237,Loews Hollywood Hotel
great,8,Downtown Oasis in DTLA
apartment,7,Downtown Oasis in DTLA
nice,4,Downtown Oasis in DTLA
apartment,37,Luxury Apartments in Downtown LA
location,22,Luxury Apartments in Downtown LA
nice,22,Luxury Apartments in Downtown LA
clean,2,DTLA Convention Center Upscale Apartment
also,2,DTLA Convention Center Upscale Apartment
center,2,DTLA Convention Center Upscale Apartment
room,360,Ace Hotel Downtown Los Angeles
staff,240,Ace Hotel Downtown Los Angeles
great,225,Ace Hotel Downtown Los Angeles
room,266,The Georgian Hotel
location,258,The Georgian Hotel
hotel,239,The Georgian Hotel
room,513,Hotel Beverly Terrace
staff,327,Hotel Beverly Terrace
breakfast,289,Hotel Beverly Terrace
room,187,Huntley Santa Monica Beach
hotel,129,Huntley Santa Monica Beach
staff,99,Huntley Santa Monica Beach
room,135,Residence Inn by Marriott Beverly Hills
staff,105,Residence Inn by Marriott Beverly Hills
breakfast,105,Residence Inn by Marriott Beverly Hills
room,275,Luxe City Center Hotel
location,225,Luxe City Center Hotel
hotel,171,Luxe City Center Hotel
apartment,8,Chic Staples Center Apartment
it,4,Chic Staples Center Apartment
clean,3,Chic Staples Center Apartment
room,298,SIXTY Beverly Hills
location,173,SIXTY Beverly Hills
staff,163,SIXTY Beverly Hills
apartment,10,Hollywood Blvd Plush Apartment
stay,4,Hollywood Blvd Plush Apartment
nice,4,Hollywood Blvd Plush Apartment
room,356,Friendship Motor Inn
breakfast,254,Friendship Motor Inn
clean,235,Friendship Motor Inn
location,3,Two Bedroom near Boardwalk
day,3,Two Bedroom near Boardwalk
great,2,Two Bedroom near Boardwalk
room,244,Viceroy Santa Monica
hotel,159,Viceroy Santa Monica
staff,159,Viceroy Santa Monica
stay,4,Luxury Apartments Near the Grove
apartment,4,Luxury Apartments Near the Grove
clean,4,Luxury Apartments Near the Grove
room,167,Venice Breeze Suites
location,151,Venice Breeze Suites
beach,121,Venice Breeze Suites
parking,4,"Walk to Beach 2-BDRM w/ Pool, Gym, Rooftop Lounge"
beach,3,"Walk to Beach 2-BDRM w/ Pool, Gym, Rooftop Lounge"
night,3,"Walk to Beach 2-BDRM w/ Pool, Gym, Rooftop Lounge"
room,276,Shore Hotel
location,274,Shore Hotel
hotel,206,Shore Hotel
plug,2,Urban Hollywood Blvd Cinema Suite
key,2,Urban Hollywood Blvd Cinema Suite
bed,1,Urban Hollywood Blvd Cinema Suite
room,158,Travelodge by Wyndham Culver City
good,57,Travelodge by Wyndham Culver City
location,51,Travelodge by Wyndham Culver City
room,48,Four Seasons Hotel Los Angeles at Beverly Hills
hotel,46,Four Seasons Hotel Los Angeles at Beverly Hills
staff,45,Four Seasons Hotel Los Angeles at Beverly Hills
room,280,Hotel Aventura
clean,215,Hotel Aventura
hotel,204,Hotel Aventura
room,266,Hotel Erwin
staff,235,Hotel Erwin
location,225,Hotel Erwin
definitely,3,Amazing Apartments near the grove
need,2,Amazing Apartments near the grove
host,2,Amazing Apartments near the grove
staff,23,Hotel Bel-Air
room,23,Hotel Bel-Air
hotel,21,Hotel Bel-Air
one,5,Popular Hollywood Upstairs Downstairs Penthouse
etc,4,Popular Hollywood Upstairs Downstairs Penthouse
bed,4,Popular Hollywood Upstairs Downstairs Penthouse
bed,9,Popular Hollywood Blvd 2BR/BA Oscars
location,8,Popular Hollywood Blvd 2BR/BA Oscars
•,7,Popular Hollywood Blvd 2BR/BA Oscars
hotel,92,The Beverly Hills Hotel
staff,90,The Beverly Hills Hotel
room,64,The Beverly Hills Hotel
location,13,Heart of Hollywood
apartment,8,Heart of Hollywood
hollywood,8,Heart of Hollywood
place,6,Spacious Town House - 2 Levels
amazing,4,Spacious Town House - 2 Levels
clean,4,Spacious Town House - 2 Levels
apartment,10,Popular Hollywood Blvd View Penthouse
key,5,Popular Hollywood Blvd View Penthouse
hollywood,5,Popular Hollywood Blvd View Penthouse
location,7,Popular Hollywood Walk of Fame Penthouse
one,6,Popular Hollywood Walk of Fame Penthouse
key,6,Popular Hollywood Walk of Fame Penthouse
room,540,Los Angeles Airport Marriott
hotel,300,Los Angeles Airport Marriott
staff,259,Los Angeles Airport Marriott
great,6,Beautiful Large Duplex House at The GROVE | Free Parking
location,4,Beautiful Large Duplex House at The GROVE | Free Parking
grove,4,Beautiful Large Duplex House at The GROVE | Free Parking
apartment,9,Downtown LA Mandarin Resort Style Suite
key,8,Downtown LA Mandarin Resort Style Suite
location,7,Downtown LA Mandarin Resort Style Suite
big,2,Groovy 2-Bedroom Condo with Terrace
balcony,2,Groovy 2-Bedroom Condo with Terrace
easy,2,Groovy 2-Bedroom Condo with Terrace
room,28,Mayumi
clean,11,Mayumi
small,11,Mayumi
bedroom,4,East West Comfort: Studio City Universal Apartments
location,3,East West Comfort: Studio City Universal Apartments
3,3,East West Comfort: Studio City Universal Apartments
property,3,Marina Studio by the Venice Beach
location,3,Marina Studio by the Venice Beach
beach,3,Marina Studio by the Venice Beach
room,359,Hotel Sofitel Los Angeles at Beverly Hills
staff,202,Hotel Sofitel Los Angeles at Beverly Hills
location,198,Hotel Sofitel Los Angeles at Beverly Hills
location,9,Popular The Grove Upscale Suite
clean,7,Popular The Grove Upscale Suite
bathroom,7,Popular The Grove Upscale Suite
location,20,Popular Hollywood Marilyn Monroe Suite
apartment,13,Popular Hollywood Marilyn Monroe Suite
key,9,Popular Hollywood Marilyn Monroe Suite
room,81,Dream Hollywood
hotel,66,Dream Hollywood
staff,45,Dream Hollywood
location,24,Downtown Cosmopolitan Suites
nice,23,Downtown Cosmopolitan Suites
great,21,Downtown Cosmopolitan Suites
u,10,Downtown LA Convention Center Suite
apartment,9,Downtown LA Convention Center Suite
one,7,Downtown LA Convention Center Suite
parking,8,Global Luxury Suites at Marina Del Rey
apartment,7,Global Luxury Suites at Marina Del Rey
good,6,Global Luxury Suites at Marina Del Rey
clean,12,"New Luxury DT LA Apt- Pool, Gym, Staple center"
apartment,10,"New Luxury DT LA Apt- Pool, Gym, Staple center"
room,8,"New Luxury DT LA Apt- Pool, Gym, Staple center"
room,219,Venice Suites
location,199,Venice Suites
beach,185,Venice Suites
room,53,Courtyard by Marriott Santa Monica
location,34,Courtyard by Marriott Santa Monica
staff,34,Courtyard by Marriott Santa Monica
room,382,Ramada by Wyndham Marina del Rey
breakfast,272,Ramada by Wyndham Marina del Rey
good,167,Ramada by Wyndham Marina del Rey
apartment,2,Downtown Highrise Luxury Living
great,2,Downtown Highrise Luxury Living
location,2,Downtown Highrise Luxury Living
room,96,Sunset Marquis Hotel
hotel,93,Sunset Marquis Hotel
great,63,Sunset Marquis Hotel
room,225,The Orlando Hotel
location,171,The Orlando Hotel
staff,125,The Orlando Hotel
bed,4,Urban DTLA Top Level Penthouse
room,3,Urban DTLA Top Level Penthouse
air,3,Urban DTLA Top Level Penthouse
apartment,10,Popular Hollywood Fabulous Suite
location,7,Popular Hollywood Fabulous Suite
around,7,Popular Hollywood Fabulous Suite
great,3,Urban Hollywood Memories Penthouse
everything,3,Urban Hollywood Memories Penthouse
location,2,Urban Hollywood Memories Penthouse
room,304,Embassy Suites Los Angeles - International Airport/North
breakfast,255,Embassy Suites Los Angeles - International Airport/North
staff,157,Embassy Suites Los Angeles - International Airport/North
apartment,11,Downtown LA 5beds Entertainer Pool
parking,6,Downtown LA 5beds Entertainer Pool
manager,5,Downtown LA 5beds Entertainer Pool
room,286,Le Meridien Delfina Santa Monica
staff,184,Le Meridien Delfina Santa Monica
hotel,158,Le Meridien Delfina Santa Monica
location,6,High-Rise City View Condo
view,4,High-Rise City View Condo
great,4,High-Rise City View Condo
apartment,19,Popular Audrey Hepburns Hollywood Suites
location,17,Popular Audrey Hepburns Hollywood Suites
get,9,Popular Audrey Hepburns Hollywood Suites
room,157,InterContinental - Los Angeles Downtown
hotel,107,InterContinental - Los Angeles Downtown
view,76,InterContinental - Los Angeles Downtown
location,4,East West Comfort: Hollywood Walk of Fame Apartments
remote,2,East West Comfort: Hollywood Walk of Fame Apartments
get,2,East West Comfort: Hollywood Walk of Fame Apartments
great,6,Urban Hollywood Modern Penthouse
location,6,Urban Hollywood Modern Penthouse
everything,5,Urban Hollywood Modern Penthouse
room,139,Fairmont Miramar Hotel & Bungalows
location,95,Fairmont Miramar Hotel & Bungalows
staff,93,Fairmont Miramar Hotel & Bungalows
room,206,Petit Ermitage
staff,167,Petit Ermitage
hotel,154,Petit Ermitage
location,6,Popular Hollywood Presidential Penthouse
apt,6,Popular Hollywood Presidential Penthouse
pool,5,Popular Hollywood Presidential Penthouse
room,504,Hotel Angeleno
staff,387,Hotel Angeleno
hotel,333,Hotel Angeleno
apartment,5,LA Paradise Retreat Amazing Location
time,5,LA Paradise Retreat Amazing Location
floor,3,LA Paradise Retreat Amazing Location
room,105,Hilton Garden Inn Los Angeles Marina Del Rey
staff,77,Hilton Garden Inn Los Angeles Marina Del Rey
location,72,Hilton Garden Inn Los Angeles Marina Del Rey
apartment,5,Popular Hollywood Blvd Deluxe Suite
location,3,Popular Hollywood Blvd Deluxe Suite
perfect,2,Popular Hollywood Blvd Deluxe Suite
location,11,Urban Hollywood Chateau Suite
great,7,Urban Hollywood Chateau Suite
apartment,7,Urban Hollywood Chateau Suite
2,5,Popular Downtown LA Extravagant Suite
u,4,Popular Downtown LA Extravagant Suite
property,4,Popular Downtown LA Extravagant Suite
room,3,East West Comfort: Downtown LA Artistic Apartments
location,3,East West Comfort: Downtown LA Artistic Apartments
apartment,3,East West Comfort: Downtown LA Artistic Apartments
host,4,Popular Hollywood Views Massive Penthouse
nice,3,Popular Hollywood Views Massive Penthouse
apartment,2,Popular Hollywood Views Massive Penthouse
house,7,Melrose Place
u,5,Melrose Place
everything,4,Melrose Place
location,6,Popular Hollywood VIP Celebrity Penthouse
apartment,6,Popular Hollywood VIP Celebrity Penthouse
bed,5,Popular Hollywood VIP Celebrity Penthouse
clean,5,Downtown LA Convention Center Apartment
location,5,Downtown LA Convention Center Apartment
great,5,Downtown LA Convention Center Apartment
location,69,Abbot Kinney Apartment
apartment,42,Abbot Kinney Apartment
beach,39,Abbot Kinney Apartment
good,5,Downtown Los Angeles Deluxe Penthouse
everything,4,Downtown Los Angeles Deluxe Penthouse
clean,4,Downtown Los Angeles Deluxe Penthouse
help,5,Popular Hollywood Spectacular Double King Suite
nothing,4,Popular Hollywood Spectacular Double King Suite
location,4,Popular Hollywood Spectacular Double King Suite
location,627,Walk of Fame Hostel
room,569,Walk of Fame Hostel
hostel,427,Walk of Fame Hostel
room,440,The Westin Los Angeles Airport
hotel,235,The Westin Los Angeles Airport
staff,206,The Westin Los Angeles Airport
room,111,Comfort Inn Near Old Town Pasadena in Eagle Rock CA
breakfast,66,Comfort Inn Near Old Town Pasadena in Eagle Rock CA
staff,58,Comfort Inn Near Old Town Pasadena in Eagle Rock CA
room,356,Best Western Plus Hollywood Hills Hotel
location,228,Best Western Plus Hollywood Hills Hotel
staff,199,Best Western Plus Hollywood Hills Hotel
apartment,16,Modern Living
u,12,Modern Living
location,9,Modern Living
location,4,Cozy Silver Lake Getaway
good,3,Cozy Silver Lake Getaway
great,3,Cozy Silver Lake Getaway
room,208,Kimpton Hotel Palomar Los Angeles Beverly Hills
staff,147,Kimpton Hotel Palomar Los Angeles Beverly Hills
hotel,118,Kimpton Hotel Palomar Los Angeles Beverly Hills
host,25,Marina Vacation Rentals
apartment,23,Marina Vacation Rentals
great,21,Marina Vacation Rentals
key,5,Popular Downtown LA Skyline View Suites
u,4,Popular Downtown LA Skyline View Suites
location,4,Popular Downtown LA Skyline View Suites
room,80,Marina del Rey Marriott
location,46,Marina del Rey Marriott
staff,42,Marina del Rey Marriott
apartment,6,Popular Hollywood VIP Executive Suite
location,4,Popular Hollywood VIP Executive Suite
close,4,Popular Hollywood VIP Executive Suite
apartment,20,Popular Hollywood Blvd Gorgeous Penthouse
one,13,Popular Hollywood Blvd Gorgeous Penthouse
key,11,Popular Hollywood Blvd Gorgeous Penthouse
room,8,Urban Downtown 3br 3ba Sky Pool Table Penthouse
place,7,Urban Downtown 3br 3ba Sky Pool Table Penthouse
key,6,Urban Downtown 3br 3ba Sky Pool Table Penthouse
close,7,"Deluxe, Universal Studios / 2 rooms"
clean,7,"Deluxe, Universal Studios / 2 rooms"
time,7,"Deluxe, Universal Studios / 2 rooms"
room,170,Hotel Indigo - Los Angeles Downtown
hotel,113,Hotel Indigo - Los Angeles Downtown
staff,89,Hotel Indigo - Los Angeles Downtown
location,6,Popular Hollywood Blvd Majestic Suite
great,6,Popular Hollywood Blvd Majestic Suite
nice,5,Popular Hollywood Blvd Majestic Suite
parking,3,Popular Hollywood Blvd Shining Suite
time,3,Popular Hollywood Blvd Shining Suite
host,3,Popular Hollywood Blvd Shining Suite
apartment,10,Hollywood 2Bed 2Bath
helpful,9,Hollywood 2Bed 2Bath
location,9,Hollywood 2Bed 2Bath
location,6,Sunset Home
great,4,Sunset Home
property,3,Sunset Home
nice,4,Hollywood Walk of Fame Apartment
location,3,Hollywood Walk of Fame Apartment
hollywood,3,Hollywood Walk of Fame Apartment
room,221,The Los Angeles Athletic Club
breakfast,180,The Los Angeles Athletic Club
hotel,165,The Los Angeles Athletic Club
apartment,24,Hollywood Spring Deluxe
clean,18,Hollywood Spring Deluxe
bed,15,Hollywood Spring Deluxe
room,4,DTLA Convention Center Stylish Apartment
left,3,DTLA Convention Center Stylish Apartment
pas,3,DTLA Convention Center Stylish Apartment
apartment,20,Popular Hollywood Celebrity Suite
location,15,Popular Hollywood Celebrity Suite
parking,15,Popular Hollywood Celebrity Suite
room,355,BLVD Hotel & Suites
location,204,BLVD Hotel & Suites
staff,158,BLVD Hotel & Suites
room,16,Kimpton La Peer Hotel
hotel,10,Kimpton La Peer Hotel
great,9,Kimpton La Peer Hotel
room,352,Beverly Hills Plaza Hotel
hotel,169,Beverly Hills Plaza Hotel
staff,157,Beverly Hills Plaza Hotel
apartment,4,Popular Downtown LA Presidential Pool Table High Rise
room,4,Popular Downtown LA Presidential Pool Table High Rise
bathroom,4,Popular Downtown LA Presidential Pool Table High Rise
room,388,Hampton Inn Los Angeles Int'l Airport/Hawthorne
breakfast,377,Hampton Inn Los Angeles Int'l Airport/Hawthorne
staff,276,Hampton Inn Los Angeles Int'l Airport/Hawthorne
location,234,Luxe Rodeo Drive Hotel
room,220,Luxe Rodeo Drive Hotel
staff,156,Luxe Rodeo Drive Hotel
apartment,7,Popular Downtown LA Governor Suite
location,5,Popular Downtown LA Governor Suite
everything,5,Popular Downtown LA Governor Suite
room,92,Residence Inn by Marriott Los Angeles L.A. LIVE
breakfast,81,Residence Inn by Marriott Los Angeles L.A. LIVE
staff,63,Residence Inn by Marriott Los Angeles L.A. LIVE
location,7,Luxury Home In The Heart of LA
everything,6,Luxury Home In The Heart of LA
owner,4,Luxury Home In The Heart of LA
location,7,DTLA Staples Center Suite
great,6,DTLA Staples Center Suite
get,5,DTLA Staples Center Suite
room,168,Courtyard Los Angeles Westside
staff,94,Courtyard Los Angeles Westside
parking,85,Courtyard Los Angeles Westside
location,10,Popular Hollywood Blvd Luxury Penthouse
apartment,6,Popular Hollywood Blvd Luxury Penthouse
great,5,Popular Hollywood Blvd Luxury Penthouse
apartment,298,Oakwood Toluca Hills
location,248,Oakwood Toluca Hills
room,243,Oakwood Toluca Hills
apartment,6,Popular Hollywood Skyline View Penthouse
location,5,Popular Hollywood Skyline View Penthouse
would,4,Popular Hollywood Skyline View Penthouse
apartment,95,Heaven on Hollywood Furnished Apartments
location,87,Heaven on Hollywood Furnished Apartments
bed,44,Heaven on Hollywood Furnished Apartments
location,4,Downtown LA 3-Bedroom Pool Suite #1
card,4,Downtown LA 3-Bedroom Pool Suite #1
host,3,Downtown LA 3-Bedroom Pool Suite #1
location,14,Popular Hollywood Blvd Modern Suite
perfect,6,Popular Hollywood Blvd Modern Suite
apartment,5,Popular Hollywood Blvd Modern Suite
check,7,Popular Hollywood Prestige Suite
good,4,Popular Hollywood Prestige Suite
find,4,Popular Hollywood Prestige Suite
staff,43,The Peninsula Beverly Hills
hotel,43,The Peninsula Beverly Hills
room,42,The Peninsula Beverly Hills
cleaning,2,East West Comfort: Downtown LA Cozy Apartments
supply,1,East West Comfort: Downtown LA Cozy Apartments
there,1,East West Comfort: Downtown LA Cozy Apartments
location,5,Hollywood Private Bungalow
parking,5,Hollywood Private Bungalow
nothing,3,Hollywood Private Bungalow
great,10,Urban DTLA Chic Stylish Suite
location,8,Urban DTLA Chic Stylish Suite
apartment,5,Urban DTLA Chic Stylish Suite
apartment,2,Hollywood Megastar 5 beds 2-BR pool
great,2,Hollywood Megastar 5 beds 2-BR pool
bed,1,Hollywood Megastar 5 beds 2-BR pool
parking,4,Popular Downtown LA Cirrus Resort Style Suite
location,3,Popular Downtown LA Cirrus Resort Style Suite
good,3,Popular Downtown LA Cirrus Resort Style Suite
night,4,LA Clean and Comfy Suite
location,3,LA Clean and Comfy Suite
store,3,LA Clean and Comfy Suite
room,8,Urban DTLA VIP Penthouse with Pool Table
time,4,Urban DTLA VIP Penthouse with Pool Table
like,3,Urban DTLA VIP Penthouse with Pool Table
really,3,Urban 20 FT Two Level Loft
apartment,3,Urban 20 FT Two Level Loft
nice,3,Urban 20 FT Two Level Loft
room,522,AIR Venice on the Beach
location,417,AIR Venice on the Beach
beach,342,AIR Venice on the Beach
nice,2,Global Luxury Suites at Figueroa Street
clean,2,Global Luxury Suites at Figueroa Street
even,2,Global Luxury Suites at Figueroa Street
staff,50,Tuck Hotel
hotel,44,Tuck Hotel
room,34,Tuck Hotel
key,8,Urban DTLA Resort Style Flamingo Suite
apartment,6,Urban DTLA Resort Style Flamingo Suite
good,4,Urban DTLA Resort Style Flamingo Suite
room,144,Homewood Suites By Hilton Los Angeles International Airport
hotel,94,Homewood Suites By Hilton Los Angeles International Airport
breakfast,86,Homewood Suites By Hilton Los Angeles International Airport
great,3,Modern 2BR/2BA in the Heart of Hollywood
location,3,Modern 2BR/2BA in the Heart of Hollywood
next,3,Modern 2BR/2BA in the Heart of Hollywood
location,38,Studio Plus - Hollywood Luxury 2BR APT
apartment,26,Studio Plus - Hollywood Luxury 2BR APT
great,16,Studio Plus - Hollywood Luxury 2BR APT
location,9,Loft on Hollywood Walk of Fame
clean,7,Loft on Hollywood Walk of Fame
great,6,Loft on Hollywood Walk of Fame
room,775,The Hollywood Roosevelt
hotel,488,The Hollywood Roosevelt
location,434,The Hollywood Roosevelt
room,706,Crowne Plaza Los Angeles International Airport
airport,495,Crowne Plaza Los Angeles International Airport
hotel,429,Crowne Plaza Los Angeles International Airport
room,317,Residence Inn by Marriott Los Angeles LAX/Century Boulevard
breakfast,190,Residence Inn by Marriott Los Angeles LAX/Century Boulevard
staff,139,Residence Inn by Marriott Los Angeles LAX/Century Boulevard
pool,4,Urban Downtown LA Moroccan Resort Suite
u,4,Urban Downtown LA Moroccan Resort Suite
room,4,Urban Downtown LA Moroccan Resort Suite
location,45,Villa Delle Stelle
hollywood,39,Villa Delle Stelle
room,34,Villa Delle Stelle
room,227,The Beverly Hilton
hotel,123,The Beverly Hilton
staff,104,The Beverly Hilton
location,4,Fabulous Apt Walk to Santa Monica Beach 17
apartment,3,Fabulous Apt Walk to Santa Monica Beach 17
kid,2,Fabulous Apt Walk to Santa Monica Beach 17
room,425,The LINE Hotel
hotel,195,The LINE Hotel
great,180,The LINE Hotel
clean,6,Los Stylish Apartment Nice Area DTLA
apartment,5,Los Stylish Apartment Nice Area DTLA
location,5,Los Stylish Apartment Nice Area DTLA
access,2,Hollywood Glamourous Apartment
apartment,2,Hollywood Glamourous Apartment
found,2,Hollywood Glamourous Apartment
place,3,Downtown LA Brilliant 5 Beds Pool
clean,3,Downtown LA Brilliant 5 Beds Pool
bed,3,Downtown LA Brilliant 5 Beds Pool
location,3,California Dream Suite At the Grove Mall
great,2,California Dream Suite At the Grove Mall
apartment,2,California Dream Suite At the Grove Mall
room,157,Sirtaj Hotel
staff,109,Sirtaj Hotel
location,104,Sirtaj Hotel
room,21,"The Ritz-Carlton, Los Angeles L.A. Live"
hotel,20,"The Ritz-Carlton, Los Angeles L.A. Live"
staff,14,"The Ritz-Carlton, Los Angeles L.A. Live"
everything,3,Urban Downtown LA Resort Style Suite
didnt,3,Urban Downtown LA Resort Style Suite
2,2,Urban Downtown LA Resort Style Suite
room,364,Titta Inn
staff,354,Titta Inn
free,257,Titta Inn
view,5,Penthouse Highrise
room,4,Penthouse Highrise
bed,3,Penthouse Highrise
beach,5,"Luxury Apartment with pool, by the Pacific Ocean"
location,4,"Luxury Apartment with pool, by the Pacific Ocean"
night,4,"Luxury Apartment with pool, by the Pacific Ocean"
room,449,Wyndham Santa Monica At The Pier
location,447,Wyndham Santa Monica At The Pier
hotel,336,Wyndham Santa Monica At The Pier
room,225,W Hollywood
hotel,187,W Hollywood
staff,130,W Hollywood
room,213,Le Parc Suite Hotel
location,119,Le Parc Suite Hotel
staff,103,Le Parc Suite Hotel
room,282,Hotel Shangri-La
staff,257,Hotel Shangri-La
location,228,Hotel Shangri-La
apartment,8,Popular Downtown LA Mediterranean View Penthouse
great,6,Popular Downtown LA Mediterranean View Penthouse
bed,5,Popular Downtown LA Mediterranean View Penthouse
apartment,4,Bluetiful Apartment Near to convention center
convention,4,Bluetiful Apartment Near to convention center
center,3,Bluetiful Apartment Near to convention center
room,165,Luxe Sunset Boulevard Hotel
staff,118,Luxe Sunset Boulevard Hotel
hotel,95,Luxe Sunset Boulevard Hotel
location,3,Urban Hollywood Blvd Dream Penthouse
check,2,Urban Hollywood Blvd Dream Penthouse
time,2,Urban Hollywood Blvd Dream Penthouse
location,5,Popular Hollywood Blvd Plush Suite
clean,4,Popular Hollywood Blvd Plush Suite
property,3,Popular Hollywood Blvd Plush Suite
apartment,4,Luxury Apartment Near Staples Center
centre,3,Luxury Apartment Near Staples Center
check,3,Luxury Apartment Near Staples Center
comfortable,3,Premier DTLA Convention Center Apartment
2,3,Premier DTLA Convention Center Apartment
would,3,Premier DTLA Convention Center Apartment
room,219,Hotel Normandie - Los Angeles
hotel,159,Hotel Normandie - Los Angeles
staff,119,Hotel Normandie - Los Angeles
parking,7,Penthouse with a Stunning Hollywood View
location,6,Penthouse with a Stunning Hollywood View
place,4,Penthouse with a Stunning Hollywood View
apartment,10,Urban Hollywood Tropicana Suite
great,10,Urban Hollywood Tropicana Suite
parking,8,Urban Hollywood Tropicana Suite
one,4,Downtown Celebrity Suite Near Staples Center
location,4,Downtown Celebrity Suite Near Staples Center
bathroom,4,Downtown Celebrity Suite Near Staples Center
room,243,Regency Inn in Los Angeles
clean,132,Regency Inn in Los Angeles
bed,94,Regency Inn in Los Angeles
beach,108,Boutique 444 Venice Beach
location,103,Boutique 444 Venice Beach
great,94,Boutique 444 Venice Beach
easy,4,Charlie Chaplin Historic Hollywood Home
kitchen,4,Charlie Chaplin Historic Hollywood Home
place,3,Charlie Chaplin Historic Hollywood Home
apartment,6,Downtown LA Paradise Resort Suite
location,5,Downtown LA Paradise Resort Suite
great,4,Downtown LA Paradise Resort Suite
room,78,"The Ritz-Carlton, Marina del Rey"
staff,49,"The Ritz-Carlton, Marina del Rey"
great,38,"The Ritz-Carlton, Marina del Rey"
location,4,Urban Two Level Bellagio Penthouse
great,3,Urban Two Level Bellagio Penthouse
nice,3,Urban Two Level Bellagio Penthouse
location,6,Urban Downtown LA Elegant Suite Los Angeles
great,4,Urban Downtown LA Elegant Suite Los Angeles
la,4,Urban Downtown LA Elegant Suite Los Angeles
would,2,Popular Downtown LA Spectacular Suite
location,1,Popular Downtown LA Spectacular Suite
pool,1,Popular Downtown LA Spectacular Suite
room,271,Holiday Inn Express Hollywood Walk of Fame
breakfast,259,Holiday Inn Express Hollywood Walk of Fame
location,216,Holiday Inn Express Hollywood Walk of Fame
clean,4,Urban Hollywood James Bond Suite
building,4,Urban Hollywood James Bond Suite
key,3,Urban Hollywood James Bond Suite
place,3,Kings Home
needed,2,Kings Home
stay,2,Kings Home
room,35,Sunset Tower Hotel
hotel,32,Sunset Tower Hotel
staff,20,Sunset Tower Hotel
key,4,Urban Dtla Two Level Fashion Loft
location,3,Urban Dtla Two Level Fashion Loft
nice,3,Urban Dtla Two Level Fashion Loft
nice,6,2 Bedroom Celebrity Loft
clean,6,2 Bedroom Celebrity Loft
place,5,2 Bedroom Celebrity Loft
great,7,Downtown L.A. Resort Comfort Life and 4Beds
location,5,Downtown L.A. Resort Comfort Life and 4Beds
everything,4,Downtown L.A. Resort Comfort Life and 4Beds
property,7,Popular Downtown LA Luxury Palazzo Resort Style Suite
location,3,Popular Downtown LA Luxury Palazzo Resort Style Suite
5,3,Popular Downtown LA Luxury Palazzo Resort Style Suite
apartment,10,Urban Hollywood Blvd Grammys Suite
location,7,Urban Hollywood Blvd Grammys Suite
clean,6,Urban Hollywood Blvd Grammys Suite
room,87,Courtyard by Marriott Los Angeles L.A. LIVE
location,44,Courtyard by Marriott Los Angeles L.A. LIVE
staff,38,Courtyard by Marriott Los Angeles L.A. LIVE
apartment,7,Hollywood 6 beds Vip Pool Suite
location,5,Hollywood 6 beds Vip Pool Suite
check,4,Hollywood 6 beds Vip Pool Suite
bed,6,Popular Downtown LA Bellagio Resort Suite
place,6,Popular Downtown LA Bellagio Resort Suite
location,6,Popular Downtown LA Bellagio Resort Suite
apartment,8,Urban Downtown LA Chanel Suite
building,6,Urban Downtown LA Chanel Suite
u,5,Urban Downtown LA Chanel Suite
spacious,5,Charming and Lovely apt!
apartment,5,Charming and Lovely apt!
property,4,Charming and Lovely apt!
room,255,"Tilt Hotel Universal Hollywood, an Ascend Hotel Collection Member"
universal,174,"Tilt Hotel Universal Hollywood, an Ascend Hotel Collection Member"
studio,133,"Tilt Hotel Universal Hollywood, an Ascend Hotel Collection Member"
staff,9,AKA Beverly Hills
location,6,AKA Beverly Hills
nice,4,AKA Beverly Hills
one,4,Popular Downtown LA VIP Modern High Rise Suite
key,4,Popular Downtown LA VIP Modern High Rise Suite
great,4,Popular Downtown LA VIP Modern High Rise Suite
host,11,Popular DTLA Designer Suite With Massive Views
location,7,Popular DTLA Designer Suite With Massive Views
clean,7,Popular DTLA Designer Suite With Massive Views
like,3,Urban Hollywood Oscars Suite
clean,2,Urban Hollywood Oscars Suite
dont,2,Urban Hollywood Oscars Suite
towel,4,Dodger Stadium Chinatown Apartment
place,4,Dodger Stadium Chinatown Apartment
nice,3,Dodger Stadium Chinatown Apartment
room,473,Millennium Biltmore Los Angeles
hotel,348,Millennium Biltmore Los Angeles
staff,206,Millennium Biltmore Los Angeles
apartment,6,Urban Hollywood Universal Studios Suite
like,5,Urban Hollywood Universal Studios Suite
get,5,Urban Hollywood Universal Studios Suite
location,3,Global Luxury Suites at Wilshire
1,3,Global Luxury Suites at Wilshire
good,2,Global Luxury Suites at Wilshire
room,185,"H Hotel Los Angeles, Curio Collection By Hilton"
hotel,129,"H Hotel Los Angeles, Curio Collection By Hilton"
airport,89,"H Hotel Los Angeles, Curio Collection By Hilton"
location,2,Urban DTLA Corporate Executive Suite
comfortable,2,Urban DTLA Corporate Executive Suite
key,2,Urban DTLA Corporate Executive Suite
bed,3,Popular Downtown LA Parlor Resort Style Suite
parking,3,Popular Downtown LA Parlor Resort Style Suite
location,3,Popular Downtown LA Parlor Resort Style Suite
great,5,Venice Style Studio Venice Beach
perfect,4,Venice Style Studio Venice Beach
restaurant,4,Venice Style Studio Venice Beach
room,202,JW Marriott Los Angeles L.A. LIVE
staff,132,JW Marriott Los Angeles L.A. LIVE
hotel,125,JW Marriott Los Angeles L.A. LIVE
key,8,Hollywood Blvd Exclusive Apartment
location,6,Hollywood Blvd Exclusive Apartment
apartment,5,Hollywood Blvd Exclusive Apartment
street,5,Urban Downtown LA Modern Suite
u,5,Urban Downtown LA Modern Suite
apartment,4,Urban Downtown LA Modern Suite
location,43,Glendon Apartments
apartment,32,Glendon Apartments
towel,32,Glendon Apartments
room,200,"SLS Hotel, a Luxury Collection Hotel, Beverly Hills"
hotel,128,"SLS Hotel, a Luxury Collection Hotel, Beverly Hills"
staff,104,"SLS Hotel, a Luxury Collection Hotel, Beverly Hills"
room,90,Beverly Hills Marriott
staff,83,Beverly Hills Marriott
hotel,76,Beverly Hills Marriott
clean,5,Los Comfy Apartment
building,4,Los Comfy Apartment
big,3,Los Comfy Apartment
apartment,2,LA Luxury Suite at The Grove | 2BR&2BT | Pool | Free Parking
location,2,LA Luxury Suite at The Grove | 2BR&2BT | Pool | Free Parking
bed,1,LA Luxury Suite at The Grove | 2BR&2BT | Pool | Free Parking
hot,4,Downtown LA Luxe Staples Center Suite
water,3,Downtown LA Luxe Staples Center Suite
host,3,Downtown LA Luxe Staples Center Suite
location,7,"WeHo Palace, 2 Bedroom 2 Full Bath"
easy,4,"WeHo Palace, 2 Bedroom 2 Full Bath"
arrival,4,"WeHo Palace, 2 Bedroom 2 Full Bath"
property,4,Chic 2 Bedroom/2 Bathroom Suite at the Beach
good,3,Chic 2 Bedroom/2 Bathroom Suite at the Beach
pool,3,Chic 2 Bedroom/2 Bathroom Suite at the Beach
room,233,Oceana Beach Club Hotel
hotel,140,Oceana Beach Club Hotel
staff,132,Oceana Beach Club Hotel
location,17,Popular Hollywood and The Grove Luxury Pavilion Resort Style Suite
u,14,Popular Hollywood and The Grove Luxury Pavilion Resort Style Suite
apartment,13,Popular Hollywood and The Grove Luxury Pavilion Resort Style Suite
room,2,Urban Dtla Paradise Suite
day,2,Urban Dtla Paradise Suite
well,2,Urban Dtla Paradise Suite
nice,2,"Prime West Hollywood, Gorgeous & Renovated 2 Bed 2 Bath"
everything,2,"Prime West Hollywood, Gorgeous & Renovated 2 Bed 2 Bath"
need,2,"Prime West Hollywood, Gorgeous & Renovated 2 Bed 2 Bath"
location,9,Live like a Hollywood Celebrity
bed,9,Live like a Hollywood Celebrity
good,5,Live like a Hollywood Celebrity
apartment,4,Living The LA Dream 2 bed 2 bath
property,4,Living The LA Dream 2 bed 2 bath
location,3,Living The LA Dream 2 bed 2 bath
room,248,The Westin Bonaventure Hotel & Suites
hotel,123,The Westin Bonaventure Hotel & Suites
staff,102,The Westin Bonaventure Hotel & Suites
apartment,28,Executive Lifestyle Apartment
great,18,Executive Lifestyle Apartment
location,15,Executive Lifestyle Apartment
room,95,Kimpton Hotel Wilshire
staff,69,Kimpton Hotel Wilshire
hotel,63,Kimpton Hotel Wilshire
water,9,Downtown LA Modern Staples Center Suite
hot,7,Downtown LA Modern Staples Center Suite
location,5,Downtown LA Modern Staples Center Suite
room,37,"Channel Road Inn, A Four Sisters Inn"
breakfast,36,"Channel Road Inn, A Four Sisters Inn"
staff,35,"Channel Road Inn, A Four Sisters Inn"
location,102,Venice Beach Vacation Condos
parking,91,Venice Beach Vacation Condos
beach,82,Venice Beach Vacation Condos
room,303,American Hotel
bathroom,260,American Hotel
clean,220,American Hotel
room,102,Hilton Garden Inn Los Angeles / Hollywood
location,89,Hilton Garden Inn Los Angeles / Hollywood
staff,80,Hilton Garden Inn Los Angeles / Hollywood
everything,4,Urban DTLA Two Level Staples Center Loft
location,2,Urban DTLA Two Level Staples Center Loft
nice,1,Urban DTLA Two Level Staples Center Loft
parking,8,"Santa Monica Duplex, 3 Bed 2 Bath"
space,4,"Santa Monica Duplex, 3 Bed 2 Bath"
nice,2,"Santa Monica Duplex, 3 Bed 2 Bath"
apartment,11,Popular Downtown LA Venetian Resort Style Suite
hotel,6,Popular Downtown LA Venetian Resort Style Suite
key,6,Popular Downtown LA Venetian Resort Style Suite
floor,6,Popular Downtown LA Splendid Suite
host,5,Popular Downtown LA Splendid Suite
location,5,Popular Downtown LA Splendid Suite
2,9,Franklin Tower
would,7,Franklin Tower
nice,6,Franklin Tower
apartment,8,Downtown LA Serene Penthouse
would,8,Downtown LA Serene Penthouse
like,7,Downtown LA Serene Penthouse
room,151,W Los Angeles – West Beverly Hills
hotel,78,W Los Angeles – West Beverly Hills
staff,77,W Los Angeles – West Beverly Hills
room,6,Urban Hollywood Two Level Penthouse
one,6,Urban Hollywood Two Level Penthouse
apartment,5,Urban Hollywood Two Level Penthouse
stay,37,Selby Ave Guest House
house,36,Selby Ave Guest House
pool,31,Selby Ave Guest House
stair,4,Starview Hollywood Vacation Home
nice,4,Starview Hollywood Vacation Home
many,3,Starview Hollywood Vacation Home
location,6,Urban Hollywood Celebrity Suite
hollywood,4,Urban Hollywood Celebrity Suite
close,4,Urban Hollywood Celebrity Suite
room,432,Hollywood Historic Hotel
hotel,365,Hollywood Historic Hotel
staff,264,Hollywood Historic Hotel
room,850,Hilton Los Angeles Airport
hotel,453,Hilton Los Angeles Airport
staff,356,Hilton Los Angeles Airport
room,699,Hollywood Hotel - The Hotel of Hollywood Near Universal Studios
breakfast,533,Hollywood Hotel - The Hotel of Hollywood Near Universal Studios
hotel,510,Hollywood Hotel - The Hotel of Hollywood Near Universal Studios
room,294,Renaissance Los Angeles Airport Hotel
hotel,174,Renaissance Los Angeles Airport Hotel
bed,138,Renaissance Los Angeles Airport Hotel
apartment,3,Popular Hollywood Blvd Superstar Suite
one,3,Popular Hollywood Blvd Superstar Suite
time,3,Popular Hollywood Blvd Superstar Suite
location,13,Hollywood Blvd Stars Suite
apartment,6,Hollywood Blvd Stars Suite
use,4,Hollywood Blvd Stars Suite
room,614,The Hotel Hollywood
staff,503,The Hotel Hollywood
location,492,The Hotel Hollywood
location,4,Popular Hollywood Blvd James Dean Suite
apartment,3,Popular Hollywood Blvd James Dean Suite
nothing,2,Popular Hollywood Blvd James Dean Suite
apartment,6,The Grove Luxe Apartment
comfortable,5,The Grove Luxe Apartment
big,3,The Grove Luxe Apartment
room,1536,Four Points by Sheraton Los Angeles International Airport
hotel,783,Four Points by Sheraton Los Angeles International Airport
airport,728,Four Points by Sheraton Los Angeles International Airport
location,10,Popular Hollywood Boulevard Of Stars 2BR/BA Suite
apartment,8,Popular Hollywood Boulevard Of Stars 2BR/BA Suite
key,7,Popular Hollywood Boulevard Of Stars 2BR/BA Suite
room,111,Comfort Inn Santa Monica - West Los Angeles
breakfast,89,Comfort Inn Santa Monica - West Los Angeles
good,54,Comfort Inn Santa Monica - West Los Angeles
location,7,Downtown LA Convention Center Elite Apartment
nice,5,Downtown LA Convention Center Elite Apartment
apartment,4,Downtown LA Convention Center Elite Apartment
apartment,21,Modern Apartments in Downtown LA
key,12,Modern Apartments in Downtown LA
location,11,Modern Apartments in Downtown LA
location,4,Artist Home at Venice Beach - One Bedroom Oasis
apartment,3,Artist Home at Venice Beach - One Bedroom Oasis
magnus,2,Artist Home at Venice Beach - One Bedroom Oasis
pool,38,Beverly Hills Celebrity Home
location,38,Beverly Hills Celebrity Home
room,33,Beverly Hills Celebrity Home
room,351,Mondrian Los Angeles in West Hollywood
pool,242,Mondrian Los Angeles in West Hollywood
hotel,231,Mondrian Los Angeles in West Hollywood
room,271,DoubleTree by Hilton Hotel Los Angeles - Westside
parking,125,DoubleTree by Hilton Hotel Los Angeles - Westside
hotel,124,DoubleTree by Hilton Hotel Los Angeles - Westside
3,4,DOWNTOWN L.A. SKY VIEW PENTHOUSE & 4 BEDS
bed,4,DOWNTOWN L.A. SKY VIEW PENTHOUSE & 4 BEDS
property,4,DOWNTOWN L.A. SKY VIEW PENTHOUSE & 4 BEDS
room,191,Hotel MDR Marina del Rey- a DoubleTree by Hilton
staff,125,Hotel MDR Marina del Rey- a DoubleTree by Hilton
hotel,93,Hotel MDR Marina del Rey- a DoubleTree by Hilton
clean,9,Angel City Spacious Apartment
apartment,7,Angel City Spacious Apartment
place,6,Angel City Spacious Apartment
location,10,Hollywood 7 Bed Penthouse Superstar
apartment,8,Hollywood 7 Bed Penthouse Superstar
room,7,Hollywood 7 Bed Penthouse Superstar
room,194,Doubletree by Hilton Los Angeles Downtown
hotel,142,Doubletree by Hilton Los Angeles Downtown
staff,125,Doubletree by Hilton Los Angeles Downtown
nice,4,Hollywood Walk of Fame 5beds Studio
clean,4,Hollywood Walk of Fame 5beds Studio
location,4,Hollywood Walk of Fame 5beds Studio
bad,4,Downtown LA 5Beds Spectacular Pool
apartment,3,Downtown LA 5Beds Spectacular Pool
address,3,Downtown LA 5Beds Spectacular Pool
like,3,Studio City Warm Apartment
great,3,Studio City Warm Apartment
would,3,Studio City Warm Apartment
apartment,11,Chic and Charming 1 bdr
location,11,Chic and Charming 1 bdr
great,10,Chic and Charming 1 bdr
location,3,Hollywood House Melrose Place
tired,3,Hollywood House Melrose Place
great,3,Hollywood House Melrose Place
apartment,3,Downtown Los Angeles Luxury 3-bedroom Pool Suite
bedroom,2,Downtown Los Angeles Luxury 3-bedroom Pool Suite
night,2,Downtown Los Angeles Luxury 3-bedroom Pool Suite
room,262,"The Standard, Hollywood"
staff,142,"The Standard, Hollywood"
hotel,141,"The Standard, Hollywood"
bed,7,DOWNTOWN L.A. 36 Story Breath Taking View Penthouse
view,6,DOWNTOWN L.A. 36 Story Breath Taking View Penthouse
sign,6,DOWNTOWN L.A. 36 Story Breath Taking View Penthouse
pool,5,Urban Downtown LA Sapphire Suite
bed,4,Urban Downtown LA Sapphire Suite
location,3,Urban Downtown LA Sapphire Suite
room,166,Holiday Inn Express Los Angeles LAX Airport
breakfast,165,Holiday Inn Express Los Angeles LAX Airport
airport,112,Holiday Inn Express Los Angeles LAX Airport
location,9,Hollywood Hills Suites
bed,5,Hollywood Hills Suites
hollywood,4,Hollywood Hills Suites
kitchen,4,EXQUISITE MARINA 2BDR SUITE WITH BALCONY & RELAXING VIEWS
ant,3,EXQUISITE MARINA 2BDR SUITE WITH BALCONY & RELAXING VIEWS
condo,3,EXQUISITE MARINA 2BDR SUITE WITH BALCONY & RELAXING VIEWS
room,802,Wingate by Wyndham Los Angeles Airport
breakfast,623,Wingate by Wyndham Los Angeles Airport
airport,568,Wingate by Wyndham Los Angeles Airport
clean,21,"Hampton Inn & Suites Los Angeles/Hollywood, CA"
room,16,"Hampton Inn & Suites Los Angeles/Hollywood, CA"
staff,14,"Hampton Inn & Suites Los Angeles/Hollywood, CA"
room,230,Montrose West Hollywood
hotel,114,Montrose West Hollywood
location,114,Montrose West Hollywood
checkin,12,Los Angeles 5 Beds Convention Pool
apartment,7,Los Angeles 5 Beds Convention Pool
address,7,Los Angeles 5 Beds Convention Pool
great,5,Top Floor Penthouse Living Like A Rockstar
view,4,Top Floor Penthouse Living Like A Rockstar
apartment,3,Top Floor Penthouse Living Like A Rockstar
room,516,Sheraton Universal
hotel,204,Sheraton Universal
universal,189,Sheraton Universal
space,2,Mid City 3 Bedroom 3 Bathroom 5 Queen Beds
clean,2,Mid City 3 Bedroom 3 Bathroom 5 Queen Beds
everything,1,Mid City 3 Bedroom 3 Bathroom 5 Queen Beds
room,111,The Moment Hotel
hotel,72,The Moment Hotel
staff,68,The Moment Hotel
bed,4,Urban Downtown LA Luxury Resort Suite
time,3,Urban Downtown LA Luxury Resort Suite
would,3,Urban Downtown LA Luxury Resort Suite
room,240,Jolly Roger Hotel
breakfast,164,Jolly Roger Hotel
staff,154,Jolly Roger Hotel
location,8,Urban Downtown LA Designer City Sky Suite
great,4,Urban Downtown LA Designer City Sky Suite
apartment,4,Urban Downtown LA Designer City Sky Suite
parking,10,Strathmore Apartments
towel,10,Strathmore Apartments
apartment,9,Strathmore Apartments
clean,4,Executive Celebrity Suites
would,4,Executive Celebrity Suites
place,4,Executive Celebrity Suites
u,6,Popular Downtown Los Angeles Luxurious Resort Suite
call,5,Popular Downtown Los Angeles Luxurious Resort Suite
apartment,4,Popular Downtown Los Angeles Luxurious Resort Suite
location,6,Hollywood Hot Spot Condo
dirty,4,Hollywood Hot Spot Condo
good,3,Hollywood Hot Spot Condo
apartment,10,Amazing 2bed/2 bath near the Grove
location,7,Amazing 2bed/2 bath near the Grove
floor,6,Amazing 2bed/2 bath near the Grove
room,8,Popular DTLA Designer Suite
bed,4,Popular DTLA Designer Suite
property,4,Popular DTLA Designer Suite
room,401,Sportsmen's Lodge Hotel
pool,260,Sportsmen's Lodge Hotel
staff,178,Sportsmen's Lodge Hotel
host,4,Epic Downtown Apartment
apartment,4,Epic Downtown Apartment
location,3,Epic Downtown Apartment
room,364,SureStay Collection by Best Western Saharan Hotel
location,201,SureStay Collection by Best Western Saharan Hotel
parking,147,SureStay Collection by Best Western Saharan Hotel
property,6,Modern Star Apartments
address,4,Modern Star Apartments
super,4,Modern Star Apartments
location,432,Hotel Carmel By The Sea
room,413,Hotel Carmel By The Sea
hotel,230,Hotel Carmel By The Sea
bed,10,Popular Hollywood Blvd Two Story Suite
location,6,Popular Hollywood Blvd Two Story Suite
would,6,Popular Hollywood Blvd Two Story Suite
apartment,9,Urban Downtown LA Oasis Resort Suite
shower,6,Urban Downtown LA Oasis Resort Suite
also,5,Urban Downtown LA Oasis Resort Suite
view,7,Urban Downtown LA Pool Table Penthouse
dirty,7,Urban Downtown LA Pool Table Penthouse
broken,7,Urban Downtown LA Pool Table Penthouse
room,263,"The Standard, Downtown LA"
hotel,183,"The Standard, Downtown LA"
staff,135,"The Standard, Downtown LA"
would,7,The Grove Luxury Suite
u,5,The Grove Luxury Suite
floor,4,The Grove Luxury Suite
room,35,Century Park Hotel LA
hotel,31,Century Park Hotel LA
staff,23,Century Park Hotel LA
room,323,Hollywood City Inn
breakfast,218,Hollywood City Inn
location,194,Hollywood City Inn
well,3,Private Bedroom and Bathroom in Shared 2 Bedroom Apartment
comfortable,3,Private Bedroom and Bathroom in Shared 2 Bedroom Apartment
u,3,Private Bedroom and Bathroom in Shared 2 Bedroom Apartment
apartment,25,Wellworth Apartments
location,24,Wellworth Apartments
good,17,Wellworth Apartments
location,244,Cal Mar Hotel Suites
room,222,Cal Mar Hotel Suites
staff,132,Cal Mar Hotel Suites
room,121,Dunes Inn - Sunset
location,111,Dunes Inn - Sunset
good,92,Dunes Inn - Sunset
room,564,The Dixie Hollywood
location,377,The Dixie Hollywood
good,212,The Dixie Hollywood
apartment,6,Hollywood Grand Apartment
u,4,Hollywood Grand Apartment
garage,3,Hollywood Grand Apartment
know,3,Hollywood 5 Beds Famous Awards Pool
get,2,Hollywood 5 Beds Famous Awards Pool
need,2,Hollywood 5 Beds Famous Awards Pool
room,908,La Quinta Inn & Suites LAX
breakfast,569,La Quinta Inn & Suites LAX
hotel,446,La Quinta Inn & Suites LAX
room,427,Highland Gardens Hotel
location,217,Highland Gardens Hotel
staff,158,Highland Gardens Hotel
room,328,Ramada by Wyndham Los Angeles/Downtown West
breakfast,196,Ramada by Wyndham Los Angeles/Downtown West
staff,154,Ramada by Wyndham Los Angeles/Downtown West
room,304,Hollywood Downtowner Inn
breakfast,242,Hollywood Downtowner Inn
location,213,Hollywood Downtowner Inn
room,398,O Hotel
hotel,182,O Hotel
location,177,O Hotel
room,128,Hotel Hwood Near the Sunset Strip
location,116,Hotel Hwood Near the Sunset Strip
breakfast,69,Hotel Hwood Near the Sunset Strip
apartment,7,Penthouse Los Angeles Convention Resort Suite Pool
clean,6,Penthouse Los Angeles Convention Resort Suite Pool
key,5,Penthouse Los Angeles Convention Resort Suite Pool
parking,5,Luxury Private 2 bedroom Condo
family,3,Luxury Private 2 bedroom Condo
nice,2,Luxury Private 2 bedroom Condo
room,275,Hollywood Inn Express North
location,135,Hollywood Inn Express North
good,117,Hollywood Inn Express North
location,19,Hollywood and Sunset Furnished Apartments
apartment,16,Hollywood and Sunset Furnished Apartments
pool,10,Hollywood and Sunset Furnished Apartments
room,195,Dunes Inn - Wilshire
location,67,Dunes Inn - Wilshire
clean,67,Dunes Inn - Wilshire
location,35,Corporate Suites in Downtown LA near Staples Center
room,28,Corporate Suites in Downtown LA near Staples Center
one,21,Corporate Suites in Downtown LA near Staples Center
beach,7,Ocean Suites - Coral
great,5,Ocean Suites - Coral
parking,5,Ocean Suites - Coral
room,300,Studio City Courtyard Hotel
location,152,Studio City Courtyard Hotel
staff,133,Studio City Courtyard Hotel
room,482,Hotel Solaire Los Angeles
hotel,242,Hotel Solaire Los Angeles
breakfast,238,Hotel Solaire Los Angeles
room,533,Hollywood Inn Express South
breakfast,359,Hollywood Inn Express South
bed,195,Hollywood Inn Express South
room,128,Sunburst Spa & Suites Motel
breakfast,52,Sunburst Spa & Suites Motel
location,49,Sunburst Spa & Suites Motel
stay,3,Popular Hollywood Blvd Premier Suite
anything,2,Popular Hollywood Blvd Premier Suite
experience,2,Popular Hollywood Blvd Premier Suite
great,2,DTLA Central Residences
clean,2,DTLA Central Residences
downtown,2,DTLA Central Residences
room,12,Downtown LA Gorgeous Resort Style Suite
bed,10,Downtown LA Gorgeous Resort Style Suite
apartment,8,Downtown LA Gorgeous Resort Style Suite
bed,20,Fully furnished apartment in la close to Beverly Hills
apartment,15,Fully furnished apartment in la close to Beverly Hills
location,13,Fully furnished apartment in la close to Beverly Hills
location,3,Luxury Downtown Vacation Home with Parking
great,3,Luxury Downtown Vacation Home with Parking
nice,2,Luxury Downtown Vacation Home with Parking
location,5,Westwood Two Bedroom #2
apartment,3,Westwood Two Bedroom #2
clean,3,Westwood Two Bedroom #2
room,580,Ocean Park Hotel
bathroom,354,Ocean Park Hotel
clean,278,Ocean Park Hotel
people,2,DTLA Royal Suite
ready,2,DTLA Royal Suite
time,2,DTLA Royal Suite
room,8,Downtown LA City View Suite
host,6,Downtown LA City View Suite
door,5,Downtown LA City View Suite
room,259,Gateway Hotel Santa Monica
breakfast,152,Gateway Hotel Santa Monica
hotel,151,Gateway Hotel Santa Monica
location,22,Hollywood Walk of Fame Furnished Apartments
apartment,22,Hollywood Walk of Fame Furnished Apartments
good,17,Hollywood Walk of Fame Furnished Apartments
one,4,Luxury Studio Next to LA Live
good,3,Luxury Studio Next to LA Live
day,3,Luxury Studio Next to LA Live
room,156,Avalon Hotel Beverly Hills
hotel,116,Avalon Hotel Beverly Hills
staff,105,Avalon Hotel Beverly Hills
room,307,Loews Santa Monica Beach Hotel
location,222,Loews Santa Monica Beach Hotel
hotel,203,Loews Santa Monica Beach Hotel
room,31,Ginosi Metropolitan Apartel
apartment,22,Ginosi Metropolitan Apartel
great,18,Ginosi Metropolitan Apartel
room,361,Holiday Inn Los Angeles - LAX Airport
hotel,195,Holiday Inn Los Angeles - LAX Airport
staff,192,Holiday Inn Los Angeles - LAX Airport
room,127,Chateau Marmont
hotel,99,Chateau Marmont
staff,87,Chateau Marmont
apartment,14,Walk of Fame Apartment in Hollywood
location,13,Walk of Fame Apartment in Hollywood
bed,11,Walk of Fame Apartment in Hollywood
location,11,Fabulous Walk of Fame Apartment in Hollywood
apartment,8,Fabulous Walk of Fame Apartment in Hollywood
great,7,Fabulous Walk of Fame Apartment in Hollywood
u,5,Walk of Fame Suite in Hollywood
key,4,Walk of Fame Suite in Hollywood
picture,4,Walk of Fame Suite in Hollywood
room,63,Jamaica Bay Inn
location,42,Jamaica Bay Inn
hotel,40,Jamaica Bay Inn
room,584,The Mayfair Hotel
hotel,320,The Mayfair Hotel
staff,212,The Mayfair Hotel
breakfast,21,Hollywood Bed & Breakfast
room,16,Hollywood Bed & Breakfast
great,15,Hollywood Bed & Breakfast
room,172,Shutters On The Beach
hotel,125,Shutters On The Beach
staff,115,Shutters On The Beach
room,9,Noon on Sunset Hill
property,9,Noon on Sunset Hill
nice,8,Noon on Sunset Hill
location,3,Ocean Suites - Sail
great,3,Ocean Suites - Sail
close,2,Ocean Suites - Sail
apartment,21,Fully Furnished Apt in LA Downtown
clean,14,Fully Furnished Apt in LA Downtown
parking,11,Fully Furnished Apt in LA Downtown
property,9,Hollywood 6 Beds Superstar Pool
apartment,8,Hollywood 6 Beds Superstar Pool
u,6,Hollywood 6 Beds Superstar Pool
room,153,Miyako Hotel Los Angeles
location,138,Miyako Hotel Los Angeles
hotel,117,Miyako Hotel Los Angeles
room,189,Best Western Airport Plaza Inn
breakfast,128,Best Western Airport Plaza Inn
staff,104,Best Western Airport Plaza Inn
location,386,Hollywood Celebrity Hotel
staff,333,Hollywood Celebrity Hotel
room,314,Hollywood Celebrity Hotel
location,217,Hollywood Orchid Suites
staff,173,Hollywood Orchid Suites
breakfast,167,Hollywood Orchid Suites
location,4,Ocean Suites - Sand
beach,4,Ocean Suites - Sand
view,3,Ocean Suites - Sand
room,10,Villa Brasil Motel
clean,8,Villa Brasil Motel
great,6,Villa Brasil Motel
apartment,5,Central location near Grove
landlord,2,Central location near Grove
host,2,Central location near Grove
room,118,Venice Beach Suites & Hotel
location,111,Venice Beach Suites & Hotel
staff,91,Venice Beach Suites & Hotel
apartment,9,Hollywood Loft
location,6,Hollywood Loft
good,4,Hollywood Loft
get,6,Downtown LA Superb 5 Beds 2 BR Pool
access,4,Downtown LA Superb 5 Beds 2 BR Pool
u,4,Downtown LA Superb 5 Beds 2 BR Pool
room,15,Hollywood Bellucci Apartment
view,10,Hollywood Bellucci Apartment
location,9,Hollywood Bellucci Apartment
room,319,Travelodge by Wyndham Santa Monica
breakfast,199,Travelodge by Wyndham Santa Monica
staff,181,Travelodge by Wyndham Santa Monica
great,6,Westwood Two Bedroom #1
apartment,6,Westwood Two Bedroom #1
safe,5,Westwood Two Bedroom #1
bed,6,Ocean Suites - Sunset
apartment,5,Ocean Suites - Sunset
location,5,Ocean Suites - Sunset
location,4,Ocean Suites - Shell
good,3,Ocean Suites - Shell
stay,2,Ocean Suites - Shell
room,330,The Kinney - Venice Beach
breakfast,199,The Kinney - Venice Beach
staff,181,The Kinney - Venice Beach
towel,4,Amazing Apartment in Santa Monica
view,4,Amazing Apartment in Santa Monica
great,4,Amazing Apartment in Santa Monica
nice,5,Boutique Citrus Apartments
parking,3,Boutique Citrus Apartments
find,3,Boutique Citrus Apartments
room,342,Bayside Hotel
location,323,Bayside Hotel
beach,229,Bayside Hotel
bed,14,Downtown Victorian PH 6Beds W Pools
key,11,Downtown Victorian PH 6Beds W Pools
apartment,11,Downtown Victorian PH 6Beds W Pools
absolutely,2,Chinatown City View Apartment
didnt,2,Chinatown City View Apartment
ac,2,Chinatown City View Apartment
house,6,Venice House on the Canals
bed,3,Venice House on the Canals
bedroom,3,Venice House on the Canals
room,127,Hilgard House Westwood Village
location,106,Hilgard House Westwood Village
ucla,97,Hilgard House Westwood Village
location,4,West Hollywood Studio
stay,3,West Hollywood Studio
you’re,2,West Hollywood Studio
room,89,Best Western Royal Palace Inn & Suites
breakfast,65,Best Western Royal Palace Inn & Suites
staff,54,Best Western Royal Palace Inn & Suites
room,8,Downtown Venus Apartment
location,5,Downtown Venus Apartment
clean,5,Downtown Venus Apartment
room,102,Marina del Rey Hotel
great,67,Marina del Rey Hotel
location,67,Marina del Rey Hotel
parking,40,The Willow
location,40,The Willow
apartment,37,The Willow
clean,5,Contemporary Apartment in Downtown LA
cleaning,4,Contemporary Apartment in Downtown LA
bathroom,4,Contemporary Apartment in Downtown LA
breakfast,14,Garden Cottage B&B
good,9,Garden Cottage B&B
location,8,Garden Cottage B&B
property,3,NEW! LUXURY SUITE with Parking!
convenient,3,NEW! LUXURY SUITE with Parking!
nice,2,NEW! LUXURY SUITE with Parking!
room,243,El Royale Hotel - Near Universal Studios Hollywood
staff,182,El Royale Hotel - Near Universal Studios Hollywood
breakfast,117,El Royale Hotel - Near Universal Studios Hollywood
nice,3,Clean and Nice Single Room
good,3,Clean and Nice Single Room
like,2,Clean and Nice Single Room
apartment,7,Urban Downtown LA Floor To Ceiling Penthouse
key,7,Urban Downtown LA Floor To Ceiling Penthouse
people,5,Urban Downtown LA Floor To Ceiling Penthouse
host,2,36 Story Amazing View Penthouse
u,2,36 Story Amazing View Penthouse
property,2,36 Story Amazing View Penthouse
one,5,Ocean Suites - Pier
beach,4,Ocean Suites - Pier
cleaning,4,Ocean Suites - Pier
breakfast,71,Elaine's Hollywood Bed & Breakfast
elaine,58,Elaine's Hollywood Bed & Breakfast
room,51,Elaine's Hollywood Bed & Breakfast
apartment,5,Audrey House
well,4,Audrey House
place,3,Audrey House
bed,6,Amazing Apartment Hollywood Blvd 2bd/bth
check,4,Amazing Apartment Hollywood Blvd 2bd/bth
location,3,Amazing Apartment Hollywood Blvd 2bd/bth
nice,3,Downtown LA 5bed Royal Penthouse
area,3,Downtown LA 5bed Royal Penthouse
everything,2,Downtown LA 5bed Royal Penthouse
apartment,2,"Luxury, Hollywood Modern"
location,2,"Luxury, Hollywood Modern"
nothing,2,"Luxury, Hollywood Modern"
room,128,Royal Palace Westwood Hotel
location,127,Royal Palace Westwood Hotel
parking,77,Royal Palace Westwood Hotel
apartment,10,Downtown LA Elegant 2BR Pool Suite
like,5,Downtown LA Elegant 2BR Pool Suite
bed,5,Downtown LA Elegant 2BR Pool Suite
room,50,The Culver Hotel
hotel,44,The Culver Hotel
staff,44,The Culver Hotel
room,701,Freehand Los Angeles
hotel,324,Freehand Los Angeles
staff,321,Freehand Los Angeles
room,536,Sea Blue Hotel
location,481,Sea Blue Hotel
great,284,Sea Blue Hotel
room,283,Ocean View Hotel
location,262,Ocean View Hotel
staff,155,Ocean View Hotel
soap,4,Comforting Hollywood Getaway
host,3,Comforting Hollywood Getaway
2,3,Comforting Hollywood Getaway
room,4,Popular Private luxury Room in shared apartment in Hollywood
never,2,Popular Private luxury Room in shared apartment in Hollywood
again,2,Popular Private luxury Room in shared apartment in Hollywood
room,37,Desert Heaven - Guest House
nice,26,Desert Heaven - Guest House
stay,22,Desert Heaven - Guest House
day,6,Hollywood Olivia Apartment
good,4,Hollywood Olivia Apartment
location,4,Hollywood Olivia Apartment
could,11,Hollywood Loft Oasis
location,10,Hollywood Loft Oasis
bed,10,Hollywood Loft Oasis
great,5,"Luxury, Hollywood Experience"
really,2,"Luxury, Hollywood Experience"
u,2,"Luxury, Hollywood Experience"
breakfast,140,Venice Beach House
location,137,Venice Beach House
room,127,Venice Beach House
room,6,Los Angeles RoomRentals Harvard Heights
house,4,Los Angeles RoomRentals Harvard Heights
provided,4,Los Angeles RoomRentals Harvard Heights
room,93,Four Points by Sheraton Los Angeles Westside
staff,55,Four Points by Sheraton Los Angeles Westside
location,51,Four Points by Sheraton Los Angeles Westside
good,21,Wilshire Motel
location,17,Wilshire Motel
parking,15,Wilshire Motel
room,137,Inn at Venice Beach
location,107,Inn at Venice Beach
breakfast,92,Inn at Venice Beach
apartment,5,Los Angeles 3 Bed Ace Pool Suite
perfect,2,Los Angeles 3 Bed Ace Pool Suite
pool,2,Los Angeles 3 Bed Ace Pool Suite
location,485,HI Los Angeles - Santa Monica Hostel
room,400,HI Los Angeles - Santa Monica Hostel
hostel,335,HI Los Angeles - Santa Monica Hostel
room,198,Su Casa at Venice Beach
location,171,Su Casa at Venice Beach
beach,163,Su Casa at Venice Beach
area,6,Downtown LA 1-Bedroom with Views
view,5,Downtown LA 1-Bedroom with Views
apartment,5,Downtown LA 1-Bedroom with Views
hostel,261,USA Hostels Hollywood
staff,257,USA Hostels Hollywood
room,243,USA Hostels Hollywood
helpful,4,Downtown LA Modern Home Staples Center
time,3,Downtown LA Modern Home Staples Center
stay,2,Downtown LA Modern Home Staples Center
people,47,PodShare Venice
place,44,PodShare Venice
staff,43,PodShare Venice
location,5,Hollywood Tower Apartel
like,4,Hollywood Tower Apartel
didn’t,3,Hollywood Tower Apartel
apartment,3,Spotless Apartment in Santa Monica Beach 3
host,2,Spotless Apartment in Santa Monica Beach 3
nice,2,Spotless Apartment in Santa Monica Beach 3
great,2,FANTASTIC HOUSE IN SANTA MONICA BEACH 10
appliance,2,FANTASTIC HOUSE IN SANTA MONICA BEACH 10
living,2,FANTASTIC HOUSE IN SANTA MONICA BEACH 10
easy,2,Perfect Chill in Hollywood
close,2,Perfect Chill in Hollywood
like,2,Perfect Chill in Hollywood
room,225,Mama Shelter Los Angeles
great,160,Mama Shelter Los Angeles
hotel,148,Mama Shelter Los Angeles
staff,225,Magic Castle Hotel
free,167,Magic Castle Hotel
room,144,Magic Castle Hotel
room,296,Farmer's Daughter Hotel
location,197,Farmer's Daughter Hotel
staff,190,Farmer's Daughter Hotel
room,187,Crescent Hotel
location,139,Crescent Hotel
staff,136,Crescent Hotel
apartment,28,Hollywood Walk of Fame!
host,24,Hollywood Walk of Fame!
great,19,Hollywood Walk of Fame!
nice,2,Bel Air Luxury Living
condo,2,Bel Air Luxury Living
check,2,Bel Air Luxury Living
clean,4,24 Hours Motel
comfortable,2,24 Hours Motel
location,2,24 Hours Motel
location,3,Charming Studio in the heart of Westwood Village
within,3,Charming Studio in the heart of Westwood Village
restaurant,2,Charming Studio in the heart of Westwood Village
location,3,BRILLIANT HOME IN SANTA MONICA BEACH *23
beach,3,BRILLIANT HOME IN SANTA MONICA BEACH *23
brand,2,BRILLIANT HOME IN SANTA MONICA BEACH *23
clean,16,Boutique Hollywood
apartment,14,Boutique Hollywood
area,12,Boutique Hollywood
apartment,5,The Deluxe Oasis Apartment
tv,5,The Deluxe Oasis Apartment
night,4,The Deluxe Oasis Apartment
room,3,Premier Suites
key,2,Premier Suites
easy,2,Premier Suites
apartment,9,Hollywood Sign View 5
location,8,Hollywood Sign View 5
nice,6,Hollywood Sign View 5
breakfast,135,Best Western Burbank Airport Inn
room,135,Best Western Burbank Airport Inn
staff,92,Best Western Burbank Airport Inn
clean,5,Double Suite in Santa Monica
nice,4,Double Suite in Santa Monica
u,4,Double Suite in Santa Monica
location,68,Orange Drive Hostel
room,47,Orange Drive Hostel
great,42,Orange Drive Hostel
room,90,Palihouse Santa Monica
hotel,70,Palihouse Santa Monica
staff,62,Palihouse Santa Monica
room,118,Super 8 by Wyndham Los Angeles-Culver City Area
clean,60,Super 8 by Wyndham Los Angeles-Culver City Area
breakfast,50,Super 8 by Wyndham Los Angeles-Culver City Area
universal,16,"Gorgeous Bungalow walk to Universal Studios, Hollywood"
place,13,"Gorgeous Bungalow walk to Universal Studios, Hollywood"
studio,11,"Gorgeous Bungalow walk to Universal Studios, Hollywood"
room,162,Ambrose Hotel
staff,115,Ambrose Hotel
breakfast,102,Ambrose Hotel
dresden,33,Dresden B & B
great,17,Dresden B & B
u,13,Dresden B & B
room,162,Sheraton Grand Los Angeles
hotel,99,Sheraton Grand Los Angeles
staff,91,Sheraton Grand Los Angeles
u,10,Hollywood 4Beds Los Angeles #1 Pool
apartment,9,Hollywood 4Beds Los Angeles #1 Pool
location,8,Hollywood 4Beds Los Angeles #1 Pool
apartment,22,Location For Vacation Hollywood Luxury Apartment
clean,12,Location For Vacation Hollywood Luxury Apartment
need,11,Location For Vacation Hollywood Luxury Apartment
room,53,Inn at Playa del Rey
staff,49,Inn at Playa del Rey
breakfast,30,Inn at Playa del Rey
location,36,Downtown LA Live Suites
apartment,29,Downtown LA Live Suites
bed,29,Downtown LA Live Suites
location,6,Upscale 2Bed 2Bath & Gated Parking
bed,5,Upscale 2Bed 2Bath & Gated Parking
great,5,Upscale 2Bed 2Bath & Gated Parking
apartment,32,Apartment North Mansfield Ave
location,23,Apartment North Mansfield Ave
hollywood,15,Apartment North Mansfield Ave
clean,3,Luxury Suite in The Heart of Hollywood
apartment,3,Luxury Suite in The Heart of Hollywood
location,2,Luxury Suite in The Heart of Hollywood
room,188,Best Western Plus Dragon Gate Inn
breakfast,141,Best Western Plus Dragon Gate Inn
staff,107,Best Western Plus Dragon Gate Inn
staff,90,The Rose Hotel
location,72,The Rose Hotel
room,69,The Rose Hotel
apartment,7,NEW Apartment near Staples Center
clean,5,NEW Apartment near Staples Center
place,5,NEW Apartment near Staples Center
location,4,Popular Studio luxury Private apartment in Downtown Los Angeles
owner,4,Popular Studio luxury Private apartment in Downtown Los Angeles
everything,2,Popular Studio luxury Private apartment in Downtown Los Angeles
room,36,Arroyo Vista Inn
breakfast,28,Arroyo Vista Inn
nice,16,Arroyo Vista Inn
liked,2,6418 Dix Street Townhouse Townhouse
stocked,2,6418 Dix Street Townhouse Townhouse
room,2,6418 Dix Street Townhouse Townhouse
allen,6,Private Bedroom with Bathroom in Shared 2 Bedroom Apartment
location,5,Private Bedroom with Bathroom in Shared 2 Bedroom Apartment
great,5,Private Bedroom with Bathroom in Shared 2 Bedroom Apartment
room,264,The Garland
great,192,The Garland
hotel,188,The Garland
wifi,5,The Hollywood Style Apartment
apartment,4,The Hollywood Style Apartment
time,4,The Hollywood Style Apartment
location,4,Spacious 2Bed/2Bath Condo at Prime Location
property,3,Spacious 2Bed/2Bath Condo at Prime Location
bedding,2,Spacious 2Bed/2Bath Condo at Prime Location
room,126,Omni Los Angeles Hotel California Plaza
location,90,Omni Los Angeles Hotel California Plaza
staff,89,Omni Los Angeles Hotel California Plaza
hostel,19,Hostel California
staff,14,Hostel California
location,11,Hostel California
room,48,Holiday Inn Express West Los Angeles
breakfast,31,Holiday Inn Express West Los Angeles
staff,22,Holiday Inn Express West Los Angeles
room,32,Mosaic Hotel
staff,27,Mosaic Hotel
location,23,Mosaic Hotel
apartment,3,Popular Downtown LA Platinum Resort Style Suite
loved,3,Popular Downtown LA Platinum Resort Style Suite
even,3,Popular Downtown LA Platinum Resort Style Suite
room,120,Carlyle Inn
breakfast,77,Carlyle Inn
staff,63,Carlyle Inn
room,225,Encore Motel
clean,120,Encore Motel
location,117,Encore Motel
apartment,3,Hollywood Retreat
clean,3,Hollywood Retreat
noise,2,Hollywood Retreat
room,215,Knights Inn Los Angeles Central / Convention Center Area
breakfast,154,Knights Inn Los Angeles Central / Convention Center Area
staff,131,Knights Inn Los Angeles Central / Convention Center Area
great,6,Urban Downtown LA City View Penthouse
view,3,Urban Downtown LA City View Penthouse
room,2,Urban Downtown LA City View Penthouse
clean,1,The Palazzo Communities by Synergy
host,1,The Palazzo Communities by Synergy
kind,1,The Palazzo Communities by Synergy
room,295,Courtyard by Marriott Los Angeles LAX / Century Boulevard
airport,198,Courtyard by Marriott Los Angeles LAX / Century Boulevard
hotel,195,Courtyard by Marriott Los Angeles LAX / Century Boulevard
room,75,Banana Bungalow
staff,57,Banana Bungalow
location,49,Banana Bungalow
nothing,2,Beverly Hills / Cedars Sinai
friendly,1,Beverly Hills / Cedars Sinai
owner,1,Beverly Hills / Cedars Sinai
parking,7,Gorgeous and Renovated Apartment Near Hollywood Blvd
place,5,Gorgeous and Renovated Apartment Near Hollywood Blvd
apartment,4,Gorgeous and Renovated Apartment Near Hollywood Blvd
location,6,Beverly Hills Spanish Apartment
clean,5,Beverly Hills Spanish Apartment
u,5,Beverly Hills Spanish Apartment
nice,6,LA Villa close to Little Tokyo
food,5,LA Villa close to Little Tokyo
good,4,LA Villa close to Little Tokyo
ninon,12,WeHo Bungalow with Private Garden
bungalow,9,WeHo Bungalow with Private Garden
location,8,WeHo Bungalow with Private Garden
nice,2,Comfort Suites
apartment,2,Comfort Suites
included,2,Comfort Suites
room,296,Rodeway Inn Hollywood
breakfast,109,Rodeway Inn Hollywood
clean,91,Rodeway Inn Hollywood
common,1,Big & Beautiful 3Bedroom Apt in Marina Del Rey
area,1,Big & Beautiful 3Bedroom Apt in Marina Del Rey
family,1,Big & Beautiful 3Bedroom Apt in Marina Del Rey
everything,2,Westwood Apartment 409W
pretty,1,Westwood Apartment 409W
much,1,Westwood Apartment 409W
floor,2,East West Comfort: Downtown LA Inspiring Apartment
nice,2,East West Comfort: Downtown LA Inspiring Apartment
location,1,East West Comfort: Downtown LA Inspiring Apartment
apartment,4,Downtown Juno Apartment
one,3,Downtown Juno Apartment
sheet,3,Downtown Juno Apartment
location,5,Wilshire Experience Apartment
parking,3,Wilshire Experience Apartment
rooftop,2,Wilshire Experience Apartment
room,32,Palihouse West Hollywood
hotel,22,Palihouse West Hollywood
staff,21,Palihouse West Hollywood
stay,3,Downtown LA 5 Beds Penthouse Pool
well,3,Downtown LA 5 Beds Penthouse Pool
get,3,Downtown LA 5 Beds Penthouse Pool
location,4,Hollywood Hills Spanish
cleaning,4,Hollywood Hills Spanish
bed,3,Hollywood Hills Spanish
nice,9,Republic Inn / Hollywood
location,6,Republic Inn / Hollywood
breakfast,6,Republic Inn / Hollywood
location,306,Samesun Venice Beach
room,272,Samesun Venice Beach
staff,235,Samesun Venice Beach
room,77,Elan Hotel
breakfast,53,Elan Hotel
staff,49,Elan Hotel
room,8,Brentwood Inn
told,4,Brentwood Inn
bathroom,4,Brentwood Inn
apartment,13,"Luxury 2-Bedroom, 2-Bathroom w Pool"
location,10,"Luxury 2-Bedroom, 2-Bathroom w Pool"
stay,7,"Luxury 2-Bedroom, 2-Bathroom w Pool"
house,9,Beverly Hills Guest House
location,8,Beverly Hills Guest House
owner,6,Beverly Hills Guest House
staff,26,PodShare Los Feliz
bed,20,PodShare Los Feliz
place,16,PodShare Los Feliz
clean,8,Ginosi Downtown Apartel
parking,7,Ginosi Downtown Apartel
apartment,7,Ginosi Downtown Apartel
location,5,Living the Dream in Hollywood
great,3,Living the Dream in Hollywood
day,3,Living the Dream in Hollywood
room,54,Shelter Hotel Los Angeles
hotel,40,Shelter Hotel Los Angeles
staff,36,Shelter Hotel Los Angeles
room,33,Los Angeles RoomRentals near USC
clean,24,Los Angeles RoomRentals near USC
parking,13,Los Angeles RoomRentals near USC
room,230,Best Western Hollywood Plaza Inn
location,197,Best Western Hollywood Plaza Inn
staff,162,Best Western Hollywood Plaza Inn
place,22,Hollywood Shine B&B
clean,21,Hollywood Shine B&B
breakfast,20,Hollywood Shine B&B
ben,13,Bungalows at Marina del Rey/ Venice Beach
dog,12,Bungalows at Marina del Rey/ Venice Beach
friendly,9,Bungalows at Marina del Rey/ Venice Beach
apartment,8,Melrose Apartment # 18
location,4,Melrose Apartment # 18
towel,4,Melrose Apartment # 18
room,90,Comfort Inn Los Angeles near Hollywood
breakfast,63,Comfort Inn Los Angeles near Hollywood
clean,61,Comfort Inn Los Angeles near Hollywood
location,13,Wilshire Getaway Apartment
apartment,10,Wilshire Getaway Apartment
area,9,Wilshire Getaway Apartment
apartment,13,Urban Hollywood Glamour Suite
parking,10,Urban Hollywood Glamour Suite
clean,8,Urban Hollywood Glamour Suite
room,86,Comfort Inn & Suites Near Universal - North Hollywood – Burbank
breakfast,79,Comfort Inn & Suites Near Universal - North Hollywood – Burbank
staff,71,Comfort Inn & Suites Near Universal - North Hollywood – Burbank
location,7,West Hollywood Guesthouse
room,7,West Hollywood Guesthouse
apartment,6,West Hollywood Guesthouse
teresa,23,LA LAX Teresa B&B
airport,20,LA LAX Teresa B&B
clean,19,LA LAX Teresa B&B
location,5,Unique house next tothe beach-Venice Beach-MDR
host,3,Unique house next tothe beach-Venice Beach-MDR
super,3,Unique house next tothe beach-Venice Beach-MDR
really,13,Downtown Mansion Hostel
bed,13,Downtown Mansion Hostel
breakfast,13,Downtown Mansion Hostel
room,293,Royal Pagoda Motel
location,165,Royal Pagoda Motel
clean,162,Royal Pagoda Motel
room,41,Bel Air Villa
bed,14,Bel Air Villa
owner,10,Bel Air Villa
location,5,Pelham Apartment 8
apartment,5,Pelham Apartment 8
parking,4,Pelham Apartment 8
room,146,Palihotel Melrose
hotel,62,Palihotel Melrose
location,54,Palihotel Melrose
