,pos,neg,total
Universal's Cabana Bay Beach Resort,0.39132921851839597,0.026742940215664292,0.24840366599270727
Regal Oaks – The Official CLC World Resort,0.41009683442429934,0.03472382652291376,0.23782871937444328
Magic Village Resort Orlando Near Disney,0.3934731005288347,0.08848151336967124,0.27689761477470587
Floridays Resort Orlando Near Disney/Seaworld,0.42554802019786847,0.032419013708598815,0.25419764481414814
Universal's Hard Rock Hotel,0.40809182816219086,0.010276055282302927,0.27441369115264674
Universal's Loews Sapphire Falls Resort,0.42058342606082133,0.03142111688699645,0.27451522806876133
Orlando Resort Rentals at Universal Boulevard,0.4069318757960881,0.11381439929118518,0.3058350763446535
Wyndham Bonnet Creek,0.4191271056535894,0.02583426626994291,0.2211439217561466
Sheraton Vistana Resort Villas,0.440340159989775,0.02567438300394528,0.2602670247989933
Hyatt Regency Orlando International Airport Hotel,0.3947448037371059,0.025217306133044383,0.2628997749978268
Homewood Suites by Hilton Orlando Theme Parks,0.43418564554214883,0.09764556771988173,0.32595812499026444
Universal's Loews Royal Pacific Resort,0.4057757389095272,0.022831105444431742,0.28761038122667626
SpringHill Suites by Marriott Orlando Lake Buena Vista in Marriott Village,0.43442051138986454,0.03024915486359846,0.25504362790734153
Sonesta ES Suites Orlando International Drive,0.45357436325965156,0.011699891306555351,0.2951751223700676
WorldQuest Orlando Resort,0.43246908509199194,0.009601763903517295,0.23346497433365535
Hawthorn Suites by Wyndham Kissimmee Gateway,0.4298811039206447,0.0267612822700879,0.26104639365668486
SpringHill Suites by Marriott Orlando at Millenia,0.4161856657858983,0.20110612426788896,0.35319578757017717
Staybridge Suites Orlando - Lake Buena Vista,0.45053842276909184,0.046876524849871926,0.32265537510717524
Fairfield Inn & Suites by Marriott Orlando Lake Buena Vista in the Marriott Village,0.45347526824822143,0.03363922814220756,0.26707316253479246
Fairfield Inn Suites by Marriott Orlando At SeaWorld,0.4354451911605937,0.04024499903722239,0.3023594328092097
"Lake Buena Vista Resort Village and Spa, a staySky Hotel & Resort",0.44711105838172754,0.006359397246864639,0.23345249889584552
Sheraton Vistana Villages Resort Near Universal Blvd.,0.44238676053149295,0.03647204906905842,0.25951399888839866
Comfort Suites Maingate East,0.41629966837239873,0.05481396107322042,0.290079768812889
Universal's Loews Portofino Bay Hotel,0.4082987165604564,0.023304714432062067,0.255828384311734
Windsor Hills Apartment,0.5235252192982456,0.06671849692257856,0.344756984126984
Olivia's Dream Villa in Windsor Hills,0.496969696969697,-0.0654761904761905,0.2782407407407408
Hyatt Place - Orlando Convention Center,0.41847952534374955,0.012490656744689,0.27046795777840865
Walt Disney World Dolphin,0.4578658163050226,-0.021822399694170377,0.19488349346791714
Staybridge Suites Orlando at SeaWorld,0.40552309611166104,0.08632615976365976,0.27805369832324
DoubleTree by Hilton at the Entrance to Universal Orlando,0.3731399474762682,-0.013427336262463499,0.19386801705496373
Waldorf Astoria Orlando,0.4756765350482753,0.04591861893678185,0.2967277218233382
Walt Disney World Swan,0.4513969097266957,0.00932243201676793,0.2359498268781765
Residence Inn by Marriott Orlando at SeaWorld,0.4456200669236409,0.03209922230531649,0.26822618186955344
Hyatt House across from Universal Orlando Resort,0.450523538961039,0.1255874680874681,0.28155678210678214
Water Oak IR700,0.5438888888888889,0.18572916666666667,0.3392261904761904
Casiola Vacation Homes,0.3798292582588176,0.009117671695442926,0.22276034842767586
Embassy Suites by Hilton Orlando International Drive Convention Center,0.48028392722507024,0.012403080685677668,0.28611738112921914
TownePlace Suites by Marriott Orlando at SeaWorld,0.4246446666945055,0.07130551249516767,0.310556252342357
Residence Inn by Marriott Orlando at Millenia,0.3828989898989899,0.088768115942029,0.2834135472370767
Hilton Grand Vacations at Tuscany Village,0.427296442411498,0.06091342530283037,0.28542017215541743
Four Seasons Resort Orlando at Walt Disney World Resort,0.44855135442527366,-0.07857559724226393,0.3017975350475349
Casa de Disney,0.29259259259259257,0.0,0.29259259259259257
Hampton Inn Orlando Near Universal Blv/International Dr,0.43258893178042873,-0.02307955371539185,0.25000729598503635
Homewood Suites by Hilton Orlando-Intl Drive/Convention Ctr,0.44341601752424276,0.029722232609004775,0.30230982370344966
Comfort Suites UCF/Research Park,0.42087022843367344,0.007281049297924303,0.2764616265298762
Hyatt Place Orlando Lake Buena Vista,0.42543232846759405,0.0813847693777271,0.3115487327059133
Hyatt Regency Orlando,0.4281469550264474,0.028955378871588836,0.25942760076336546
Eight Bedrooms with Private Pool and Spa (1747),0.5430555555555555,0.12261904761904763,0.24874999999999997
Galleria Palms Orlando,0.38552236133503703,0.02783012821518324,0.22954336983174808
Kissimmee Area Pool Home,0.525,0.06666666666666668,0.2044871794871795
Summerville Resort Five Bedroom Townhome SV102,0.5474074074074076,0.1733333333333333,0.3263636363636363
Courtyard by Marriott Orlando Lake Buena Vista in the Marriott Village,0.4461095471848674,0.03109271650319359,0.2626253337727795
The Point Hotel & Suites Universal Blvd,0.4231965788415579,0.018550254044743603,0.26916985955813516
SpringHill Suites by Marriott Orlando at SeaWorld,0.4316183797184571,0.09432258344668737,0.3139320806484214
Holiday Inn Orlando – Disney Springs™ Area,0.45283732847344627,0.03231661426306474,0.2823192379842411
Spacious Vacation Home Rental House 77Tb12,0.37416666666666665,0.01700000000000001,0.1955833333333334
Residence Inn Orlando Lake Buena Vista,0.4953353937728933,0.05766289428887087,0.266673843022057
Hilton Grand Vacations at SeaWorld,0.42791224227161717,0.026724889273864794,0.25663050822730743
"The Ritz-Carlton Orlando, Grande Lakes",0.4480853107882761,-0.01204050422700029,0.23485117947793424
Formosa Garden Pool Home,0.3645510204081632,0.07916666666666668,0.2123460317460317
Renaissance Orlando at SeaWorld®,0.4590193319354272,0.05826480252918402,0.29621629506427005
Caribe Royale Orlando Near Disney,0.4522641538405159,0.0023057854565086307,0.23705922280226077
Wyndham Grand Orlando Resort Bonnet Creek,0.46048287546756245,0.007079295436798601,0.23529086464223672
Vista Cay Resort by Millenium at Universal Blvd.,0.4022080968888166,0.01912371897957283,0.22156309137776606
Orlando Escape,0.4398260814311951,0.08189036381514256,0.27415317902052605
Universal’s Family Suites at Cabana Bay Beach Resort,0.3959255952380953,0.045561868686868706,0.24770493902828092
The Boat House,0.39497222222222217,0.10892857142857143,0.2805869324473975
Homewood Suites by Hilton Orlando-Nearest to Universal Studios,0.3919059772055129,0.06367420933852062,0.28918975165416183
Quality Inn & Suites By The Parks,0.42086022085171215,0.03249540441836698,0.27920479533479176
Villas of Grand Cypress,0.45740991060400593,0.034190868986894066,0.33627831058826857
Hyatt Place across from Universal Orlando Resort,0.38645746129392766,-0.0004909563136734163,0.24162435136310725
Disney Bunk Room--Windsor Hills,0.3407070707070707,0.01666666666666665,0.22561771561771563
Blue Heron Beach Resort,0.44290620110188217,0.0022544603324880018,0.2479535965660701
Holiday Inn Express-International Drive,0.43812866991042815,0.018058594757941145,0.2690048455310342
Hyatt Regency Grand Cypress,0.47411045196469753,0.027144671917674855,0.28563051548279983
Courtyard by Marriott Orlando South/John Young Parkway,0.4115472596284405,0.06721375719082141,0.31267264971870246
Loyalty Vacation Homes - Kissimmee,0.42614374017359075,0.021873011865426915,0.2504480228075955
Comfort Suites,0.39295301599121046,0.040849927259501734,0.2865999289359097
Best Western Orlando Gateway Hotel,0.39986642523160754,0.03767241647147022,0.25205039602018914
Sheraton Suites Orlando Airport Hotel,0.4268054240462756,0.034283753314590805,0.2707172827851253
Fairfield Inn & Suites by Marriott Orlando International Drive/Convention Center,0.4398240878712265,0.006785092037709436,0.2668928582815541
Hilton Orlando,0.38670494281859347,0.015198795473349057,0.21682971889908342
Marriott's Cypress Harbour Villas,0.4480922654304349,0.09313555239452517,0.3484943605355386
Oakwater Resort 7514,0.28155555555555556,-0.009469696969696961,0.15221099887766557
Cypress Pointe Resort by Diamond Resorts,0.4428752227710565,0.046469971976685946,0.24967500288480282
Universal Studios Area Apartment,0.3827080808080807,0.04819978632478634,0.23801894644771737
Grande Villas Resort By Diamond Resorts,0.4455893540367931,-0.008996301770094384,0.2604788352616182
Legacy Vacation Resorts - Lake Buena Vista,0.39558544493323156,0.03882833382300989,0.24738171354660085
Grand Beach Resort By Diamond Resorts,0.38914070225203024,0.04588119224326121,0.25957579952186877
Patty's Place,0.45749999999999996,0.01042568542568543,0.2734105763517528
Hampton Inn & Suites Orlando/Downtown South - Medical Center,0.43035709148036616,0.028667121199967904,0.28334549586792485
Parkway International Celebration Area By Diamond Resorts,0.3900375784135173,0.030558885298468622,0.2619283390816381
Rocco's Retreat,0.6733333333333335,0.0,0.5237037037037038
Holiday Inn Express & Suites - Orlando At Seaworld,0.4620665482101931,0.15641637439883055,0.33403187896387776
Mystic Dunes Resort & Golf Club By Diamond Resorts,0.43649057600211133,0.014187111252703704,0.23564643182288883
Wingate By Wyndham - Orlando International Airport,0.41101666019668726,0.017112886017287516,0.24480657147271936
Comfort Suites Orlando Airport,0.3916386312923855,0.018624827439565117,0.26984332452752735
Hampton Inn & Suites Orlando-East UCF,0.4527081484226068,0.042020698765036744,0.30686235360737235
Aloft Orlando Downtown,0.4452507090895854,0.00703660740755504,0.23533720278791972
Playhouse,0.4375,-0.4,0.26999999999999996
Encore Club Orlando,0.48727272727272736,0.25,0.45076923076923087
The Florida Hotel & Conference Center - BW Premier Collection,0.44934410589503954,0.042644042465471,0.31015618476140544
JW Marriott Orlando Grande Lakes,0.4409643896151009,-0.033272885396719076,0.2216193744841879
Best Western Lake Buena Vista – Disney Springs® Resort Area,0.4319112078941055,-0.0035215693907287983,0.21691220800339975
Embassy Suites by Hilton- Lake Buena Vista Resort,0.47653867420413776,0.01786108888259079,0.25665356779224346
Luxury Windsor Hills Condo,0.3932792207792208,0.008620842627691937,0.20127607570381006
Homewood Suites by Hilton Lake Buena Vista,0.4553412528306596,0.049807876921629586,0.2949716759880994
Fairfield Inn & Suites by Marriott Orlando Kissimmee/Celebration,0.4593473190412529,0.06118853174603174,0.2906359684924304
Embassy Suites by Hilton Orlando International Drive I Drive 360,0.49390844650421273,-0.021483702519150282,0.31118123451126156
"Grand Bohemian Hotel Orlando, Autograph Collection",0.44501872352911914,-0.014126998355383079,0.24598162816204952
Embassy Suites Orlando - Downtown,0.4497477088645755,0.04271710292918119,0.29472756938492994
Holiday Inn Orlando East-UCF Area,0.4511835279304026,0.023281542531542524,0.284056874775551
Clarion Inn & Suites Universal Studios Area,0.3677802805301066,0.005426004823199555,0.19633994865598187
Encore Club at Reunion - 5BD Home - EC101,0.6333333333333333,0.08333333333333333,0.35833333333333334
Hyatt Place Orlando Airport,0.41274370578038444,0.012005509922176598,0.2681023365832925
Marriott's Harbour Lake,0.4584770782795411,0.07622461647601311,0.3479352379405472
Gaylord Palms Resort & Convention Center,0.47624662162727854,0.001076133015624165,0.20666819165092096
Hilton Garden Inn Orlando International Drive North,0.40585031223233103,0.025531519654841812,0.2956830080372146
Park Plaza Hotel Orlando - Winter Park,0.41703967376552314,0.041189903846153876,0.24182867582915846
Blue Tree Resort at Lake Buena Vista,0.42853156958688726,-0.016691785372984182,0.2220140878569635
"Castle Hotel, Autograph Collection",0.48197191724051514,0.02840406985085003,0.28600270229044306
Tink's Movie Castle,0.48666666666666664,-0.1,0.33999999999999997
Courtyard by Marriott Orlando Lake Nona,0.46429538524877495,0.0019527253049980444,0.3117344264749924
Wingate by Wyndham - Universal Studios and Convention Center,0.3861334229993872,0.014915781939689177,0.2115397922593811
Hilton Garden Inn Orlando at SeaWorld,0.46358605819830023,0.0028438012441970345,0.24932760054658032
"Hawthorn Suites by Wyndham Lake Buena Vista, a staySky Hotel & Resort",0.42615534679908723,-0.005101805583035284,0.24194060153302838
Celebrate BR,0.4933024691358025,0.09304183135704876,0.2410834371108344
Best Western Orlando Convention Center Hotel,0.40945408491252494,-0.01439126483524149,0.22887355705977022
DoubleTree Suites by Hilton Orlando at Disney Springs,0.4005061836873121,0.000719987746927402,0.20733103211703763
Best Western International Drive - Orlando,0.4175761308669965,0.017672488141954892,0.2458877383459804
Holiday Inn Resort Orlando - Lake Buena Vista,0.40360074049930816,-0.001108507700335898,0.22793081079050972
Autumn Villa IC049,0.40807017543859647,0.06743787878787878,0.21452909779614326
Crowne Plaza Hotel Orlando Downtown,0.45246718335480274,0.0032873075996987626,0.2567082363108165
Disney Home,0.4057968509984638,-0.053441085058732116,0.19853017189300368
Embassy Suites Orlando - Airport,0.39270475437010244,0.02320141663891664,0.25934688301464615
Paradise Palms 5 Bedroom-3503,0.4573333333333333,0.09764550264550265,0.22610544217687076
"Bluegreen Vacations The Fountains, Ascend Resort Collection",0.4139206291303811,0.05044172210739908,0.2500197990697654
Mickey Family Vacation Home,0.43041922448276454,0.01373648590265358,0.2098296390179517
Holiday Inn Express Hotel & Suites Orlando East-UCF Area,0.4616091056670598,0.0789920898169445,0.3377629545664046
Quality Suites Orlando Kissimmee The Royale Parc Suites,0.40877734194636706,0.0025160582491175892,0.2406350340879134
Grand Lake & Lifetime of Vacations Resorts,0.3918207284568435,0.047155282262253434,0.26171673719776245
Wyndham Lake Buena Vista Resort Disney Springs® Resort Area,0.45616706312411887,0.022872795842894457,0.24167732135786651
"Bohemian Hotel Celebration, Autograph Collection",0.44076435574229667,-0.020468056855202036,0.22427990845959575
Orlando World Center Marriott,0.4693695419164173,-0.007803225083348834,0.1907492898240647
Oakwater Resort Two Bedroom Apartment 1X5,0.5791666666666667,-0.023857142857142858,0.26725779967159274
Hilton Orlando Bonnet Creek,0.48185486704482494,0.04300033319342463,0.30495554200987884
Homewood Suites by Hilton Orlando-UCF Area,0.41331791741729645,0.025882190531066943,0.2753907986457988
Six Bedrooms with Private Pool (1744),0.4152371031746032,-0.015240575396825395,0.09804302422723478
staySky Suites I-Drive Orlando,0.40610082348338905,-0.01331393738794688,0.21374717523691886
Vist Cay Inn,0.37921404275996123,0.051102334783653454,0.1986172924508791
Westgate Lakes Resort and Spa,0.4068516578436649,-0.009267008846203921,0.1762191496603078
Alamo Vacation Homes,0.36833645926584224,0.0057807122944939044,0.14870931001237095
Comfort Inn International Drive,0.3937745905483404,-0.0056915675470363015,0.20778527972613503
Orlando Airport Marriott Lakeside,0.43800651742069086,0.00022402547755655,0.2287833730672871
Hilton Orlando Lake Buena Vista - Disney Springs™ Area,0.41254920716154075,0.004464908828474358,0.19483254493919477
3 Bedroom Standard Kissimmee Home,0.8016493055555555,0.25749999999999995,0.554308712121212
Hampton Inn Orlando-Convention Center International Drive Area,0.48216273254611897,0.043539976283878686,0.3085765066122206
Ramada Plaza Suites Universal Studios,0.4148069362322412,-0.038284058685844384,0.15013718102641452
Bryan's Spanish Cove By Diamond Resorts,0.4325061413454271,0.045878806650865474,0.2591026845961057
Avanti International Resort Near The Parks,0.42550060180959287,0.0067804955647941464,0.2331219991833611
Westgate Town Center Resort,0.38340968066883296,-0.00140046656165273,0.14945926850463417
B Resort and Spa Located in Disney Springs Resort Area,0.4165005776753867,-0.0030995620489033607,0.19873037957739478
Holiday Inn Resort Orlando Suites - Waterpark,0.41394703890054174,0.002169498992362495,0.1793502111344574
Radisson Hotel Orlando - Lake Buena Vista,0.4047419671118865,-0.024790588726317297,0.22782879524436264
Comfort Inn Orlando - Lake Buena Vista,0.41075671605049074,-0.020779611945501385,0.18670156193917573
Quality Inn & Suites by the Lake,0.39589262915467555,-0.0014013837273114677,0.19100261739114316
Regal Oaks Resort 5728,0.8416666666666667,0.0625,0.45208333333333334
Buena Vista Suites,0.44831756775364245,-0.002441429036189012,0.22813445872826454
Comfort Suites Downtown,0.41430493748675556,-0.01558350550738943,0.22148626391215032
Quality Inn At International Drive Orlando,0.3953864662023201,-0.0005649142953081679,0.2087859002906118
Orlando Disney Area - Windsor Hills Resort,0.22764367816091954,0.059767345587017726,0.11080527497194163
La Quinta Inn Orlando Near Universal,0.36385723512725304,-0.007716186576438492,0.18229753519381584
Lake or Conservation View Vacation Homes,0.39608874005342115,-0.05036252793439756,0.11966286901612386
Quality Suites Lake Buena Vista near Walt Disney World,0.40878139400658586,0.007770793477269148,0.23447611149542336
Wyndham Garden Lake Buena Vista Disney Springs® Resort Area,0.42260179109658225,-0.007893412223394672,0.17181319632522374
Red Lion Hotel Orlando Kissimmee Maingate,0.39159532749816933,0.00739014803524846,0.21496345576171816
Fairfield Inn & Suites by Marriott Orlando Lake Buena Vista,0.42523632243301357,-0.01628634793350603,0.247339536476865
Comfort Inn & Suites Convention Center,0.401085486187289,0.0011504134250293458,0.21333062885810855
Sunsol International Drive,0.36101305918206916,-0.0200707328113574,0.16027695411887097
Westgate Palace Resort,0.42788244382946217,-0.009262007410706322,0.18301062145677174
DWS Vacation Villas,0.4154472503001554,0.003667688674098935,0.12951886652951822
"Disney-World Orlando Area, U.S.A - Paradise Palms Resort",0.43370313648615544,0.02910674996071035,0.20633341350008025
Regal Oaks 2716,0.575,0.0011904761904761882,0.12870370370370368
Ramada by Wyndham Orlando Florida Mall,0.445130403497339,-0.021196831858328196,0.24733835630313952
"8 Bedrooms with Private Pool, Spa and Grill (1803)",0.5475,-0.2640909090909091,0.07763157894736843
Days Inn by Wyndham Orlando Conv. Center/International Dr,0.35367116593358533,-0.025030209661528587,0.15917073164018108
Clarion Inn & Suites at International Drive,0.3455906852561466,-0.02381403568670644,0.14296152172482068
Parc Corniche Condominium Suites,0.4058317717269416,-0.02552049342026578,0.19096754000752764
Holiday Inn & Suites Orlando Universal,0.3753980572020064,-0.01436930740713305,0.18634531371734547
Floridian Express International Drive,0.30058645601271716,-0.02434408017671157,0.09973865349145063
Midpointe Hotel by Rosen Hotels & Resorts,0.3488267226549418,-0.012228088773314888,0.17234558076363987
Courtyard Orlando Lake Buena Vista at Vista Centre,0.4503293961418298,0.019837626187400266,0.27077341548796885
Comfort Inn Maingate,0.4231966292150973,-0.015306632871578067,0.206369235357759
Rodeway Inn Maingate,0.3818962718497066,-0.022950552359472444,0.17757351534414162
Westgate Blue Tree Resort,0.462335500099621,0.022073548219022354,0.220955976226829
Baymont by Wyndham Orlando Universal Blvd,0.35598504536832837,-0.0423023647632337,0.14282386444567682
Econo Lodge International Drive,0.3451262358131492,-0.018029005161020472,0.15200031387592103
Quality Suites Orlando Close to I-Drive,0.37159100495962366,-0.031978407216143236,0.13038944539857086
Windsor Hills,0.5479901960784314,0.10987166768416769,0.3907019142716258
La Quinta Inn Orlando Airport West,0.35050932291071596,-0.04137386213307415,0.1462583917972389
Crowne Plaza Hotel Orlando-Universal,0.3948328185777791,0.010608685632058794,0.2127078720396015
Hilton Orlando Buena Vista Palace - Disney Springs Area,0.41823529044994373,-0.03097214167311886,0.16201498178418025
Avanti Palms Resort And Conference Center,0.38425022964085437,-0.052476662080443284,0.12076531822458322
Melia Orlando Hotel,0.416433483400692,0.017782526379328138,0.2207775787703646
Wyndham Orlando Resort International Drive,0.4165164552002927,-0.013471933788078877,0.17868661727703164
Eight Bedrooms with Private Pool and Spa (1756),0.49999999999999994,0.15,0.28125
Ramada Plaza Resort & Suites by Wyndham Orlando Intl Drive,0.3887466783305337,-0.027134278618067248,0.12781578781679795
Ramada by Wyndham Suites Orlando Airport,0.381708113488479,0.009273049662537442,0.19887583400757153
Extended Stay America - Orlando - Convention Center - Universal Blvd,0.3858049180241329,-0.020119765366534308,0.15508980854994137
Golf View Vacation Rentals,0.4081380352918454,-0.06809895348166274,0.11026547874700494
Ramada by Wyndham Kissimmee Gateway,0.3825631410918463,-0.05303066249033126,0.1336888240421495
La Quinta Inn & Suites Orlando Universal Area,0.3585296395009523,-0.004528562914198972,0.16418319126605124
Simba's Lake House,0.5262698412698412,0.08199168556311412,0.259702947845805
Days Inn by Wyndham Orlando Airport Florida Mall,0.3506612452268915,-0.010880564019025683,0.17351761305676547
Six Bedrooms with Private Pool and Spa (1746),0.625,-0.1312169312169312,0.011033549783549777
"Five Bedrooms with private Pool, Spa and Grill (1761)",0.48888888888888893,-0.005714285714285704,0.2973333333333333
Red Roof Inn Orlando South - Florida Mall,0.3968523663110482,-0.008059722208393303,0.17175466743261872
Best Western Airport Inn & Suites,0.39893843879472085,0.012847079931326166,0.21484484478004698
Holiday Inn Orlando International Airport,0.3655270723500922,-0.03147744169171651,0.15107847335549135
The Floridian Hotel and Suites,0.31897998613057316,-0.03972060345798067,0.1202710565983354
Days Inn by Wyndham Orlando/International Drive,0.20111594406676175,-0.10387963812496022,-0.010526728272341176
ACO - Windsor Hills with Private pool (1617),0.4083333333333333,-0.023746782731157733,0.05186723758012821
Altamonte Hotel & Suites,0.2388067675337184,-0.08502433224070677,-0.007868909767481856
Quality Suites Orlando I-Drive Convention Center,0.3652164929497404,0.011722131951567991,0.19351179911012792
Paradise Palms 4 Bedroom-3082,0.4666666666666667,-0.08139204545454545,0.10129419191919192
Paradise Palms 4 Bedroom-3281,0.0,0.0,0.0
Quality Inn & Suites,0.37158385020332657,-0.023879276659769456,0.2041459104632139
Sheraton Orlando Lake Buena Vista Resort,0.43274698544833284,-0.0194328772703558,0.17522688442932396
Windsor Hills Six Bedroom Holiday Home 26Dv29,0.3656001984126984,0.014563492063492072,0.17975723622782444
Paradise Palms 5 Bedroom-3613,0.3861031746031746,-0.08785714285714286,0.15729474548440062
Four Points by Sheraton Orlando International Drive,0.38898016776629474,-0.027260421365819645,0.1847808093831238
Eight Bedrooms with Pool and Game Room (1764),0.55,-0.22218549679487182,-0.11922743055555558
Park Inn by Radisson Resort & Conference Center- Orlando- Near Disney,0.3952028726284762,-0.028211032063926972,0.13971995011421265
Marriott's Grande Vista,0.45657229074145533,0.027331270633016356,0.2740048258812619
Best Western Plus Universal Inn,0.38346792683121445,0.07227787710133302,0.28235595442312006
Coco Key Hotel & Water Park Resort,0.3607647583343109,-0.01598348507106403,0.13412824690575773
"Disney-World Area Orlando, U.S.A Favorite Holiday Rentals",0.39900165016501654,-0.06580357142857139,0.11077674062049066
Drury Inn & Suites Orlando,0.4079015528431196,0.11553057584447776,0.32780760331515807
Westgate Leisure Resort,0.41015739852988164,0.0025371633893577824,0.20066555245564854
Windsors Hills 7749,0.36986111111111114,-0.22083333333333333,0.2517222222222222
Hampton Inn & Suites Orlando near SeaWorld,0.4285542445610525,0.055096003887001394,0.2980674118513701
Westgate Vacation Villas Resort,0.3968525686236357,-0.015509241618907042,0.13133654034402212
Marriott's Sabal Palms,0.4720454545454545,0.057977729885057463,0.2783686155913977
Rosen Inn Closest to Universal,0.3899429671768132,0.017629700678392233,0.25490225662817895
Windsor Wonderland Home,0.35411989795918364,0.0402445652173913,0.23028068555008205
Seaescape,0.4043861024033439,0.0032051282051282102,0.21473691460055103
Residence Inn by Marriott Near Universal Orlando,0.34946599063037415,0.15357142857142858,0.30570231187252456
White Crane Home by Florida Dream Homes,0.48113997113997115,0.06278645833333334,0.2751813186813187
Six Bedrooms with Private Pool and Spa (1751),0.506969696969697,-0.031363636363636344,0.23780303030303027
Orlando International Resort Club,0.37577631286456076,0.03869803939867636,0.27156297998537365
Windsor Magic,0.20625000000000004,0.10638888888888891,0.13462500000000002
Contessa Dr,0.7333333333333334,0.19999999999999998,0.5555555555555556
Regal Oaks Three Bedroom Villa,0.21133333333333337,0.07037037037037037,0.11183006535947715
Hampton Inn & Suites Orlando Airport at Gateway Village,0.4134271638278652,0.037167228427493024,0.28790614308392853
101 Dalmatian's Den,0.326530612244898,0.2104166666666667,0.2646031746031746
SeaWorld - Disney Apartments by NUOVO,0.3707400257400258,0.11458333333333333,0.2634725274725275
DoubleTree by Hilton Orlando East - UCF Area,0.4508820847427486,0.017776942355889735,0.2887406693838765
The Windsor Wonderland 6 BR Villa,0.44259259259259265,-0.21011904761904762,0.15703125
Windsor Hills Townhomes by IPG,0.5852564102564103,-0.14094202898550723,0.12129629629629626
FunQuest Condos at Windsor Hills Kissimmee,0.4447693452380953,-0.08297063443802574,0.1335380751726906
Luxury Villas in Encore Waterpark,0.4614404761904762,0.08461240310077521,0.26621629374641426
Rosen Centre Hotel Orlando Convention Center,0.4073763418133631,-0.017685697241140025,0.2040650327878761
Festiva Orlando Resort,0.4137750282046759,0.007186982433076179,0.23123899174197618
Hampton Inn & Suites Orlando International Drive North,0.39633454916543154,-0.0001830136146173834,0.26879103323197356
Hampton Inn Lake Buena Vista / Orlando,0.44615594722737584,0.1084839096495447,0.3477471897940217
2/3 Bed Condos Close to Disney,0.5292857142857142,0.0,0.463125
Tropical Palms Premium Loft Cottage 29,0.5453703703703705,-0.09633387445887444,0.0899673579109063
La Quinta Inn & Suites Orlando UCF,0.41083079881251816,-0.010455133908691218,0.2001799535722802
Tropical Palms Premium Three-Bedroom Cottage 40,0.043750000000000004,-0.1425,-0.08928571428571427
Mickeys Magical Escape,0.43026143790849675,0.04879629629629631,0.298215811965812
Three Bedroom Condo First Floor Gated Community,0.4833333333333333,0.875,0.5952380952380952
Homewood Suites by Hilton Orlando North Maitland,0.4287509758001563,-0.035946172248803816,0.22531213218425217
SuiteLivingPlus,0.5043081818181818,-0.025502873563218384,0.2732627591706539
La Quinta Inn & Suites Orlando Airport North,0.3726015539643889,0.022782203187618203,0.23206509726256674
SpringHill Suites by Marriott Orlando Convention Center,0.456312713059872,0.019580760062841974,0.27361336225778166
Homewood Suites by Hilton Orlando Airport,0.43477097183570407,0.037693302068302056,0.3225076119867787
Delta Hotels by Marriott Orlando Lake Buena Vista,0.41690113922535776,0.022397065897065898,0.2629387351893289
Disney&Golf Holiday Home,0.3679301075268817,-0.0025757575757575746,0.21413522012578615
Paradise Palms 4 Bedroom-3032,0.47500000000000003,0.09375,0.24625000000000002
Regal Oaks Stay Orlando,0.3166666666666667,0.08888888888888888,0.17430555555555555
Embassy Suites Orlando - North,0.4477738119288117,0.033160840794379996,0.2789816175327874
Las Palmeras by Hilton Grand Vacations,0.4258157967186705,0.04921681052900713,0.29065014873794615
Fairfield Inn & Suites by Marriott Orlando East/UCF Area,0.42618610853432287,0.15062081857536402,0.3602900609354413
Paradise Palms 6 Bedroom-3150,0.47666666666666674,-0.1111111111111111,-0.07437499999999998
Courtyard Orlando International Drive/Convention Center,0.4559642068748028,0.015684523108765537,0.28161345210345207
The Courtyard at Lake Lucerne,0.37483774250440927,0.07668898809523808,0.23453244631185818
Rosen Inn at Pointe Orlando,0.4178308092985869,-0.009437795247064291,0.21778160318902212
Magic Tree Resort,0.3758359779318428,0.15728787878787878,0.34125558249767124
Pool Paradise,0.3189444444444444,0.021500000000000005,0.14897619047619046
Hampton Inn & Suites Orlando-John Young Parkway/South Park,0.42096749441964304,0.09069990433041904,0.3445570094066336
Hampton Inn Closest to Universal Orlando,0.40065343440343437,0.0826525146547771,0.30049525585367226
Tropical Palms Standard Two-Bedroom Cottage 16,0.4618518518518518,0.1568421052631579,0.2548809523809524
Apartment Nena,0.45546875000000003,-0.09722222222222222,0.27123842592592595
Hilton Garden Inn Orlando Lake Buena Vista,0.45046741568968024,0.004058578149045075,0.25491407311639824
Vacation Home Rental Near Disney 27Il01,0.4666666666666666,-0.06666666666666667,0.19999999999999998
WorldMark Orlando Kingstown Reef,0.44659999999999994,0.175,0.32260869565217387
King Triton's Castle,0.3951666666666667,0.03078703703703704,0.22256578947368424
Closest Vacation Home Holiday Rental 26Ds37,0.4068452380952381,-0.025396825396825397,0.20513227513227514
Rosen Shingle Creek Universal Blvd,0.4905706738498466,0.05128705886333257,0.32789771891298597
Mickey's Beach House,0.5097222222222223,0.021969696969696962,0.24145833333333339
The Alfond Inn,0.5329321936566832,0.04183186295351474,0.34503323797921787
Residence Inn Orlando Convention Center,0.3803345959595959,-0.002166875522138684,0.23667067599617098
Hawthorn Suites By Wyndham Orlando International Drive,0.39467348021384474,0.015113071557417819,0.20650867404254628
Windsor Hills Resort Kissimmee - Disney Area,0.3908809523809525,-0.08700963015479143,0.12923616562009418
Blue Heron Resort Condo 206,0.36005059523809524,0.011571940604198678,0.20789794321484464
Tropical Palms Premium Loft Cottage 33,0.468984375,-0.09966666666666665,0.25027243589743586
Audez Tropical Haven,0.22944444444444442,0.08055555555555559,0.17361111111111113
